,1,2,3,4,5,6,7,8,9,10,11,12,13,14,15,16,17,18,19,20,21,22,23,24,25,26,27,28,29,30,31,32,33,34,35,36
Iteration 1,5,5,5,5,5,5,5,5,-5,-5,-5,5,5,5,5,-5,-5,5,5,5,-5,-5,5,5,5,-5,-5,-5,5,5,5,5,5,5,5,5
Iteration 2,5,5,5,5,5,5,5,5,-5,-5,5,5,5,5,-5,-5,5,5,5,5,5,-5,5,5,5,-5,-5,-5,5,5,5,5,5,5,5,5
Iteration 3,5,5,5,5,5,5,5,-5,-5,-5,5,5,5,5,-5,-5,5,5,5,5,5,-5,-5,5,5,-5,5,-5,-5,5,5,5,5,5,5,5
Iteration 4,5,5,5,5,5,5,5,-5,-5,-5,-5,5,5,5,-5,-5,-5,5,5,5,5,-5,-5,5,5,-5,-5,-5,-5,5,5,5,5,5,5,5
Iteration 5,5,5,5,5,5,5,5,5,-5,-5,5,5,5,5,-5,-5,5,5,5,5,5,-5,-5,5,5,5,5,-5,-5,5,5,5,5,5,5,5
Iteration 6,5,5,5,5,5,5,5,-5,-5,-5,5,5,5,5,5,-5,5,5,5,5,-5,-5,5,5,5,5,5,-5,5,5,5,5,-5,5,5,5
Iteration 7,5,5,5,5,5,5,5,5,-5,-5,-5,5,5,5,-5,-5,5,5,5,5,5,-5,5,5,5,-5,-5,-5,5,5,5,5,5,5,5,5
Iteration 8,5,5,5,5,5,5,5,5,-5,-5,5,5,5,5,-5,-5,5,5,5,5,5,5,5,5,5,5,5,-5,5,5,5,5,5,5,5,5
Iteration 9,5,5,5,5,5,5,5,5,-5,-5,5,5,5,5,-5,-5,5,5,5,5,5,-5,5,5,5,5,5,-5,5,5,5,5,5,5,5,5
Iteration 10,5,5,5,5,5,5,5,-5,-5,5,5,5,5,5,-5,-5,5,5,5,5,5,5,-5,5,5,5,5,5,-5,5,5,5,5,5,5,5
Iteration 11,5,5,5,5,5,5,5,5,-5,-5,5,5,5,5,-5,-5,5,5,5,5,5,5,5,5,5,5,5,-5,5,5,5,5,5,5,5,5
Iteration 12,5,5,5,5,5,5,5,5,-5,-5,-5,5,5,5,5,-5,5,5,5,5,-5,5,5,5,5,-5,-5,-5,5,5,5,5,5,5,5,5
Iteration 13,5,5,5,5,5,5,5,-5,-5,-5,-5,5,5,5,5,-5,-5,5,5,-5,-5,-5,5,5,5,-5,5,-5,-5,5,5,5,5,5,5,5
Iteration 14,5,5,5,5,5,5,5,5,-5,-5,5,5,5,5,-5,-5,5,5,5,5,5,-5,5,5,5,5,-5,-5,5,5,5,5,5,5,5,5
Iteration 15,5,5,5,5,5,5,5,5,-5,-5,-5,5,5,5,-5,-5,5,5,5,5,-5,-5,5,5,-5,-5,-5,-5,5,5,5,5,5,5,5,5
Iteration 16,5,5,5,5,5,5,5,5,-5,-5,5,5,5,5,5,-5,5,5,5,5,-5,-5,5,5,5,5,5,5,5,5,5,5,5,5,5,5
Iteration 17,5,5,5,5,5,5,5,-5,-5,-5,-5,5,5,5,5,-5,5,5,5,5,-5,5,-5,5,5,5,5,-5,-5,5,5,5,5,5,5,5
Iteration 18,5,5,5,5,5,5,5,5,-5,-5,-5,5,5,5,5,-5,-5,5,5,5,-5,-5,5,5,5,-5,-5,-5,5,5,5,5,5,5,5,5
Iteration 19,5,5,5,5,5,5,5,5,-5,-5,-5,5,5,5,5,-5,-5,5,5,5,-5,-5,5,5,5,-5,-5,-5,5,5,5,5,5,5,5,5
Iteration 20,5,5,5,5,5,5,5,5,-5,-5,-5,5,5,5,5,5,-5,5,5,5,-5,-5,5,5,5,5,5,-5,5,5,5,5,5,5,5,5
Iteration 21,5,5,5,5,5,5,5,-5,-5,-5,5,5,5,5,5,-5,5,5,5,5,-5,-5,5,5,5,5,-5,-5,-5,5,5,5,5,5,5,5
Iteration 22,5,5,5,5,5,5,5,5,-5,-5,-5,5,5,5,5,-5,-5,5,5,5,-5,-5,5,5,5,-5,5,-5,5,5,5,5,5,5,5,5
Iteration 23,5,5,5,5,5,5,5,5,-5,-5,5,5,5,5,5,5,-5,5,5,5,-5,-5,5,5,5,-5,-5,-5,5,5,5,5,5,5,5,5
Iteration 24,5,5,5,5,5,5,5,5,-5,-5,-5,5,5,5,5,-5,5,5,5,5,5,-5,5,5,5,-5,-5,-5,5,5,5,5,5,5,5,5
Iteration 25,5,5,5,5,5,5,5,-5,-5,5,5,5,5,5,-5,5,5,5,5,5,-5,-5,5,5,5,5,5,5,-5,5,5,5,5,5,5,5
Iteration 26,5,5,5,5,5,5,5,5,-5,-5,-5,5,5,5,5,-5,5,5,5,5,5,-5,5,5,5,-5,-5,-5,5,5,5,5,5,5,5,5
Iteration 27,5,5,5,5,5,5,5,5,-5,-5,5,5,5,5,5,-5,5,5,5,-5,-5,-5,-5,5,5,-5,-5,-5,5,5,5,5,5,5,5,5
Iteration 28,5,5,5,5,5,5,5,5,5,5,5,5,5,5,5,-5,5,5,5,5,-5,-5,-5,5,5,5,-5,-5,-5,5,5,5,5,5,5,5
Iteration 29,5,5,5,5,5,5,5,5,-5,5,5,5,5,5,-5,-5,5,5,5,5,5,5,-5,5,5,5,-5,5,5,5,5,5,5,5,5,5
Iteration 30,5,5,5,5,5,5,5,5,-5,5,-5,5,5,5,-5,-5,5,5,5,5,-5,-5,5,5,5,-5,-5,-5,5,5,5,5,5,5,5,5
Iteration 31,5,5,5,5,5,5,5,5,-5,-5,-5,5,5,5,5,-5,5,5,5,5,-5,-5,5,5,5,-5,5,-5,5,5,5,5,5,5,5,5
Iteration 32,5,5,5,5,5,5,5,5,-5,5,-5,5,5,5,5,-5,5,5,5,5,5,5,5,5,5,-5,-5,-5,5,5,5,5,5,5,5,5
Iteration 33,5,5,5,5,5,5,5,5,-5,-5,5,5,5,5,5,-5,5,5,5,5,5,-5,5,5,5,-5,-5,-5,5,5,5,5,5,5,5,5
Iteration 34,5,5,5,5,5,5,5,-5,-5,-5,5,5,5,5,-5,-5,5,5,5,5,5,-5,-5,5,5,5,-5,-5,-5,5,5,5,5,5,5,5
Iteration 35,5,5,5,5,5,5,5,5,-5,-5,-5,5,5,5,5,-5,5,5,5,5,5,-5,5,5,5,-5,-5,-5,5,5,5,5,5,5,5,5
Iteration 36,5,5,5,5,5,5,5,5,-5,-5,-5,5,5,5,-5,-5,5,5,5,5,5,5,5,5,-5,-5,-5,-5,5,5,5,5,5,5,5,5
Iteration 37,5,5,5,5,5,5,5,5,-5,-5,5,5,5,5,5,-5,5,5,5,5,5,5,-5,5,5,-5,-5,-5,5,5,5,5,5,5,5,5
Iteration 38,5,5,5,5,5,5,5,5,-5,-5,-5,5,5,5,5,-5,-5,5,5,5,5,-5,5,5,5,-5,-5,-5,5,5,5,5,5,5,5,5
Iteration 39,5,5,5,5,5,5,5,-5,-5,-5,5,5,5,5,5,-5,5,5,5,5,5,-5,5,5,5,5,5,-5,5,5,5,5,5,5,5,5
Iteration 40,5,5,5,5,5,5,5,5,-5,-5,-5,5,5,5,5,-5,-5,5,5,5,-5,-5,5,5,5,-5,5,-5,5,5,5,5,5,5,5,5
Iteration 41,5,5,5,5,5,5,5,-5,-5,-5,5,5,5,5,5,-5,5,5,5,5,-5,-5,-5,5,5,5,-5,-5,-5,5,5,5,5,5,5,5
Iteration 42,5,5,5,5,5,5,5,5,-5,-5,-5,5,5,5,5,-5,5,5,5,5,5,5,-5,5,5,-5,5,-5,5,5,5,5,5,5,5,5
Iteration 43,5,5,5,5,5,5,5,5,-5,-5,-5,5,5,5,5,-5,-5,5,5,5,-5,5,5,5,5,-5,-5,-5,5,5,5,5,5,5,5,5
Iteration 44,5,5,5,5,5,5,5,5,5,5,-5,5,5,5,-5,-5,5,5,5,5,5,-5,5,5,5,-5,-5,-5,5,5,5,5,5,5,5,5
Iteration 45,5,5,5,5,5,5,5,5,-5,-5,5,5,5,5,-5,-5,5,5,5,-5,5,5,-5,5,5,-5,-5,-5,-5,5,5,5,5,5,5,5
Iteration 46,5,5,5,5,5,5,5,5,-5,-5,5,5,5,5,5,-5,5,5,5,5,-5,-5,5,5,5,5,5,-5,5,5,5,5,-5,5,5,5
Iteration 47,5,5,5,5,5,5,5,5,-5,-5,5,5,5,5,-5,-5,5,5,5,5,5,-5,5,5,5,5,5,-5,5,5,5,5,5,5,5,5
Iteration 48,5,5,5,5,5,5,5,-5,-5,-5,5,5,5,5,-5,5,5,5,5,5,-5,-5,-5,5,5,5,5,-5,-5,5,5,5,5,5,5,5
Iteration 49,5,5,5,5,5,5,5,5,-5,-5,5,5,5,5,-5,-5,5,5,5,5,5,5,-5,5,5,-5,-5,-5,-5,5,5,5,5,5,5,5
Iteration 50,5,5,5,5,5,5,5,5,-5,-5,5,5,5,5,-5,-5,-5,5,5,5,5,5,-5,5,5,-5,-5,-5,-5,5,5,5,5,5,5,5
Iteration 51,5,5,5,5,5,5,5,-5,-5,5,5,5,5,5,5,5,5,5,5,5,5,-5,5,5,5,5,5,-5,5,5,5,5,5,5,5,5
Iteration 52,5,5,5,5,5,5,5,5,5,-5,-5,5,5,5,5,-5,5,5,5,-5,-5,-5,5,5,5,5,-5,-5,5,5,5,-5,5,5,5,5
Iteration 53,5,5,5,5,5,5,5,5,-5,-5,-5,5,5,5,-5,-5,5,5,5,5,-5,5,5,5,5,5,5,-5,5,5,5,5,-5,5,5,5
Iteration 54,5,5,5,5,5,5,5,5,5,-5,5,5,5,5,-5,-5,5,5,5,5,5,5,5,5,5,-5,-5,-5,5,5,5,5,5,5,5,5
Iteration 55,5,5,5,5,5,5,5,5,-5,-5,-5,5,5,5,5,-5,-5,5,5,5,5,5,5,5,5,-5,-5,-5,5,5,5,5,5,5,5,5
Iteration 56,5,5,5,5,5,5,5,-5,-5,-5,-5,5,5,5,-5,-5,5,5,5,5,5,5,5,5,5,-5,-5,-5,5,5,5,5,5,5,5,5
Iteration 57,5,5,5,5,5,5,5,5,-5,-5,-5,5,5,5,-5,-5,5,5,5,5,5,5,-5,5,5,-5,-5,5,5,5,5,5,5,5,5,5
Iteration 58,5,5,5,5,5,5,5,5,-5,-5,5,5,5,5,5,-5,5,5,5,5,-5,-5,5,5,5,5,5,-5,5,5,5,5,5,5,5,5
Iteration 59,5,5,5,5,5,5,5,5,5,-5,-5,5,5,5,-5,-5,5,5,5,5,5,-5,5,5,5,5,-5,-5,5,5,5,5,5,5,5,5
Iteration 60,5,5,5,5,5,5,5,5,-5,-5,5,5,5,5,-5,-5,5,5,5,-5,-5,5,5,5,5,5,-5,-5,5,5,5,-5,5,5,5,5
Iteration 61,5,5,5,5,5,5,5,5,5,-5,-5,5,5,5,5,-5,-5,5,5,5,-5,-5,5,5,5,5,-5,-5,5,5,5,-5,5,5,5,5
Iteration 62,5,5,5,5,5,5,5,5,-5,-5,-5,5,5,5,-5,-5,5,5,5,-5,-5,5,-5,5,5,5,-5,-5,5,5,5,5,5,5,5,5
Iteration 63,5,5,5,5,5,5,5,5,-5,-5,-5,5,5,5,-5,-5,5,5,5,5,-5,-5,-5,5,5,5,-5,-5,5,5,5,-5,5,5,5,5
Iteration 64,5,5,5,5,5,5,5,5,-5,-5,-5,5,5,5,5,-5,-5,5,5,5,-5,-5,5,5,5,5,-5,5,5,5,5,5,5,5,5,5
Iteration 65,5,5,5,5,5,5,5,-5,-5,-5,5,5,5,5,-5,-5,-5,5,5,5,-5,5,5,5,5,-5,-5,-5,-5,5,5,5,5,5,5,5
Iteration 66,5,5,5,5,5,5,5,5,-5,-5,5,5,5,5,-5,-5,5,5,5,5,5,5,5,5,5,-5,-5,-5,5,5,5,5,5,5,5,5
Iteration 67,5,5,5,5,5,5,5,5,-5,-5,-5,5,5,5,-5,-5,5,5,5,5,5,-5,5,5,5,-5,-5,-5,5,5,5,5,5,5,5,5
Iteration 68,5,5,5,5,5,5,5,5,5,-5,-5,5,5,5,-5,-5,5,5,5,5,5,-5,5,5,5,-5,-5,-5,5,5,5,5,5,5,5,5
Iteration 69,5,5,5,5,5,5,5,5,5,-5,-5,5,5,5,-5,-5,5,5,5,5,5,-5,5,5,5,-5,-5,-5,5,5,5,5,5,5,5,5
Iteration 70,5,5,5,5,5,5,5,-5,-5,-5,5,5,5,5,-5,-5,5,5,5,5,-5,-5,5,5,5,-5,5,-5,-5,5,5,5,5,5,5,5
Iteration 71,5,5,5,5,5,5,5,5,-5,-5,5,5,5,5,-5,-5,5,5,5,5,5,5,-5,5,5,5,5,5,-5,5,5,5,-5,5,5,5
Iteration 72,5,5,5,5,5,5,5,5,-5,-5,5,5,5,5,-5,-5,5,5,5,5,5,-5,5,5,5,-5,-5,-5,5,5,5,5,5,5,5,5
Iteration 73,5,5,5,5,5,5,5,5,-5,5,5,5,5,5,-5,-5,5,5,5,5,5,-5,5,5,5,-5,-5,-5,5,5,5,5,5,5,5,5
Iteration 74,5,5,5,5,5,5,5,5,-5,-5,5,5,5,5,-5,-5,5,5,5,5,5,-5,5,5,5,5,5,-5,5,5,5,5,-5,5,5,5
Iteration 75,5,5,5,5,5,5,5,5,5,5,-5,5,5,5,-5,-5,5,5,5,5,5,-5,5,5,5,-5,-5,-5,5,5,5,5,5,5,5,5
Iteration 76,5,5,5,5,5,5,5,5,-5,-5,5,5,5,5,-5,-5,5,5,5,5,-5,-5,5,5,5,5,-5,-5,5,5,5,5,5,5,5,5
Iteration 77,5,5,5,5,5,5,5,5,5,5,-5,5,5,5,5,-5,5,5,5,5,-5,-5,5,5,5,-5,-5,-5,5,5,5,5,5,5,5,5
Iteration 78,5,5,5,5,5,5,5,5,-5,-5,5,5,5,5,5,-5,5,5,5,5,5,-5,5,5,5,5,5,-5,5,5,5,5,5,5,5,5
Iteration 79,5,5,5,5,5,5,5,5,5,-5,-5,5,5,5,-5,-5,5,5,5,5,5,-5,-5,5,5,-5,-5,-5,5,5,5,5,5,5,5,5
Iteration 80,5,5,5,5,5,5,5,5,5,-5,-5,5,5,5,-5,-5,5,5,5,5,5,-5,5,5,5,-5,-5,-5,5,5,5,5,5,5,5,5
Iteration 81,5,5,5,5,5,5,5,5,5,5,-5,5,5,5,-5,-5,5,5,5,5,5,-5,5,5,5,-5,-5,-5,5,5,5,5,5,5,5,5
Iteration 82,5,5,5,5,5,5,5,-5,-5,-5,-5,5,5,5,-5,-5,5,5,5,5,5,-5,-5,5,5,-5,-5,-5,-5,5,5,5,5,5,5,5
Iteration 83,5,5,5,5,5,5,5,-5,-5,-5,5,5,5,5,-5,-5,5,5,5,-5,-5,5,-5,5,5,5,5,5,-5,5,5,5,5,5,5,5
Iteration 84,5,5,5,5,5,5,5,5,-5,-5,5,5,5,5,-5,-5,5,5,5,5,-5,-5,5,5,5,5,5,-5,5,5,5,5,-5,5,5,5
Iteration 85,5,5,5,5,5,5,5,5,-5,-5,5,5,5,5,-5,-5,5,5,5,5,-5,5,-5,5,5,5,-5,-5,5,5,5,5,5,5,5,5
Iteration 86,5,5,5,5,5,5,5,5,-5,-5,-5,5,5,5,-5,-5,5,5,5,-5,-5,5,-5,5,5,-5,-5,-5,-5,5,5,5,5,5,5,5
Iteration 87,5,5,5,5,5,5,5,5,-5,-5,-5,5,5,5,-5,-5,5,5,5,5,-5,5,-5,5,5,-5,-5,-5,5,5,5,5,5,5,5,5
Iteration 88,5,5,5,5,5,5,5,5,-5,-5,5,5,5,5,5,-5,5,5,5,-5,-5,5,5,5,5,5,5,-5,5,5,5,5,5,5,5,5
Iteration 89,5,5,5,5,5,5,5,-5,-5,5,5,5,5,5,-5,-5,5,5,5,5,5,5,-5,5,5,5,5,-5,-5,5,5,5,5,5,5,5
Iteration 90,5,5,5,5,5,5,5,5,-5,-5,-5,5,5,5,-5,-5,5,5,5,5,5,5,-5,5,5,-5,5,-5,5,5,5,5,5,5,5,5
Iteration 91,5,5,5,5,5,5,5,5,-5,-5,-5,5,5,5,5,-5,5,5,5,5,-5,-5,5,5,5,5,5,-5,5,5,5,5,5,5,5,5
Iteration 92,5,5,5,5,5,5,5,-5,-5,-5,5,5,5,5,-5,-5,5,5,5,5,5,5,-5,5,5,-5,-5,-5,5,5,5,5,5,5,5,5
Iteration 93,5,5,5,5,5,5,5,5,-5,-5,5,5,5,5,-5,-5,5,5,5,5,5,5,-5,5,5,5,5,-5,5,5,5,5,5,5,5,5
Iteration 94,5,5,5,5,5,5,5,5,5,-5,-5,5,5,5,5,-5,5,5,5,-5,-5,-5,5,5,5,5,5,-5,5,5,5,-5,-5,5,5,5
Iteration 95,5,5,5,5,5,5,5,5,5,-5,-5,5,5,5,-5,-5,5,5,5,5,5,5,5,5,5,-5,-5,-5,5,5,5,5,5,5,5,5
Iteration 96,5,5,5,5,5,5,5,5,5,-5,-5,5,5,5,-5,5,5,5,5,5,-5,-5,5,5,5,-5,5,5,5,5,5,5,5,5,5,5
Iteration 97,5,5,5,5,5,5,5,5,5,-5,-5,5,5,5,5,-5,5,5,5,5,-5,5,5,5,5,-5,-5,-5,5,5,5,5,5,5,5,5
Iteration 98,5,5,5,5,5,5,5,5,-5,-5,5,5,5,5,-5,-5,5,5,5,5,-5,-5,5,5,5,5,-5,-5,5,5,5,5,5,5,5,5
Iteration 99,5,5,5,5,5,5,5,5,5,-5,-5,5,5,5,-5,-5,-5,5,5,5,5,5,-5,5,5,-5,-5,-5,5,5,5,5,5,5,5,5
Iteration 100,5,5,5,5,5,5,5,-5,-5,-5,-5,5,5,5,-5,-5,-5,5,5,5,5,5,-5,5,5,-5,-5,-5,-5,5,5,5,5,5,5,5
Iteration 101,5,5,5,5,5,5,5,-5,-5,-5,5,5,5,5,-5,-5,-5,5,5,5,5,5,-5,5,5,5,-5,5,-5,5,5,5,5,5,5,5
Iteration 102,5,5,5,5,5,5,5,5,-5,-5,-5,5,5,5,5,-5,-5,5,5,5,5,5,-5,5,5,-5,-5,-5,5,5,5,5,5,5,5,5
Iteration 103,5,5,5,5,5,5,5,5,5,5,-5,5,5,5,-5,-5,-5,5,5,-5,-5,5,-5,5,5,-5,-5,5,5,5,5,5,5,5,5,5
Iteration 104,5,5,5,5,5,5,5,5,-5,-5,5,5,5,5,5,-5,5,5,5,5,5,-5,5,5,5,5,5,-5,5,5,5,5,5,5,5,5
Iteration 105,5,5,5,5,5,5,5,5,-5,-5,5,5,5,5,-5,-5,5,5,5,5,-5,-5,5,5,5,5,5,-5,5,5,5,5,5,5,5,5
Iteration 106,5,5,5,5,5,5,5,5,-5,-5,5,5,5,5,-5,-5,5,5,5,5,5,5,5,5,5,-5,-5,-5,5,5,5,5,5,5,5,5
Iteration 107,5,5,5,5,5,5,5,5,5,-5,5,5,5,5,-5,-5,5,5,5,5,5,-5,5,5,5,5,-5,5,-5,5,5,5,5,5,5,5
Iteration 108,5,5,5,5,5,5,5,5,-5,-5,-5,5,5,-5,5,-5,5,5,5,5,-5,5,5,5,5,-5,-5,-5,5,5,5,5,5,5,5,5
Iteration 109,5,5,5,5,5,5,5,-5,-5,-5,5,5,5,5,-5,-5,5,5,5,-5,-5,-5,-5,5,5,5,5,5,-5,5,5,5,-5,-5,5,5
Iteration 110,5,5,5,5,5,5,5,5,5,-5,5,5,5,5,-5,-5,5,5,5,5,5,-5,5,5,5,5,5,-5,5,5,5,5,5,5,5,5
Iteration 111,5,5,5,5,5,5,5,5,-5,-5,-5,5,5,5,5,-5,5,5,5,-5,5,-5,5,5,5,-5,-5,-5,5,5,5,5,5,5,5,5
Iteration 112,5,5,5,5,5,5,5,5,-5,-5,-5,5,5,5,5,-5,5,5,5,5,-5,-5,5,5,5,-5,-5,-5,5,5,5,5,5,5,5,5
Iteration 113,5,5,5,5,5,5,5,5,-5,-5,5,5,5,5,-5,-5,5,5,5,5,5,-5,5,5,5,5,5,-5,5,5,5,5,5,5,5,5
Iteration 114,5,5,5,5,5,5,5,-5,-5,-5,5,5,5,5,-5,-5,5,5,5,5,-5,-5,5,5,5,-5,5,5,-5,5,5,5,5,5,5,5
Iteration 115,5,5,5,5,5,5,5,5,-5,-5,-5,5,5,5,5,-5,-5,5,5,-5,5,-5,5,5,5,-5,-5,-5,5,5,5,5,5,5,5,5
Iteration 116,5,5,5,5,5,5,5,5,5,-5,5,5,5,5,-5,-5,5,5,5,5,5,-5,5,5,5,5,-5,-5,5,5,5,5,5,5,5,5
Iteration 117,5,5,5,5,5,5,5,5,-5,-5,-5,5,5,5,-5,-5,-5,5,5,-5,5,-5,-5,5,5,-5,-5,-5,5,5,5,5,5,5,5,5
Iteration 118,5,5,5,5,5,5,5,5,-5,-5,5,5,5,-5,-5,-5,5,5,5,-5,-5,-5,5,5,5,5,5,-5,5,5,5,5,5,5,5,5
Iteration 119,5,5,5,5,5,5,5,-5,-5,5,5,5,5,5,-5,5,5,5,5,5,-5,-5,5,5,5,5,5,5,-5,5,5,5,5,5,-5,5
Iteration 120,5,5,5,5,5,5,5,-5,-5,-5,5,5,5,-5,-5,-5,5,5,5,5,-5,-5,-5,5,5,5,-5,-5,-5,5,5,5,5,5,5,5
Iteration 121,5,5,5,5,5,5,5,5,-5,-5,-5,5,5,5,5,-5,-5,5,5,-5,5,-5,-5,5,5,-5,-5,-5,5,5,5,5,5,5,5,5
Iteration 122,5,5,5,5,5,5,5,5,5,5,5,5,5,5,-5,-5,5,5,5,5,5,5,-5,5,5,-5,-5,-5,5,5,5,5,5,5,5,5
Iteration 123,5,5,5,5,5,5,5,5,-5,-5,-5,5,5,5,-5,-5,-5,5,5,5,-5,-5,5,5,5,-5,-5,-5,5,5,5,5,5,5,5,5
Iteration 124,5,5,5,5,5,5,5,5,-5,-5,-5,5,5,5,5,-5,-5,5,5,5,5,-5,5,5,5,-5,-5,-5,5,5,5,5,5,5,5,5
Iteration 125,5,5,5,5,5,5,5,5,-5,-5,5,5,5,-5,5,-5,5,5,5,5,5,-5,5,5,5,5,5,-5,5,5,5,5,5,5,5,5
Iteration 126,5,5,5,5,5,5,5,-5,-5,-5,5,5,5,5,-5,-5,5,5,5,5,-5,-5,5,5,5,5,5,5,-5,5,5,5,5,5,5,5
Iteration 127,5,5,5,5,5,5,5,5,5,-5,5,5,5,5,5,-5,5,5,5,5,5,-5,5,5,5,-5,-5,5,5,5,5,5,5,5,5,5
Iteration 128,5,5,5,5,5,5,5,5,-5,-5,5,5,5,5,5,-5,5,5,5,5,-5,-5,5,5,5,5,5,-5,5,5,5,5,5,5,5,5
Iteration 129,5,5,5,5,5,5,5,5,-5,-5,-5,5,5,5,5,-5,-5,5,5,-5,5,-5,5,5,5,-5,-5,-5,5,5,5,5,5,5,5,5
Iteration 130,5,5,5,5,5,5,5,5,-5,-5,5,5,5,5,5,-5,5,5,5,5,5,-5,5,5,5,-5,-5,-5,5,5,5,5,5,5,5,5
Iteration 131,5,5,5,5,5,5,5,5,-5,-5,5,5,5,5,-5,5,5,5,5,5,5,-5,5,5,5,5,5,-5,5,5,5,5,5,5,5,5
Iteration 132,5,5,5,5,5,5,5,5,-5,-5,5,5,5,5,-5,-5,5,5,5,-5,-5,-5,-5,5,5,-5,-5,-5,5,5,5,5,5,5,5,5
Iteration 133,5,5,5,5,5,5,5,-5,-5,5,5,5,5,5,-5,-5,5,5,5,5,5,5,-5,5,5,5,5,-5,5,5,5,5,5,5,5,5
Iteration 134,5,5,5,5,5,5,5,5,-5,-5,-5,5,5,5,-5,-5,5,5,5,5,-5,5,5,5,5,-5,5,-5,5,5,5,5,5,5,5,5
Iteration 135,5,5,5,5,5,5,5,-5,-5,-5,5,5,5,5,-5,-5,5,5,5,5,-5,-5,-5,5,5,5,-5,-5,-5,5,5,5,5,5,5,5
Iteration 136,5,5,5,5,5,5,5,5,-5,-5,5,5,5,5,5,-5,5,5,5,5,-5,-5,5,5,5,5,5,-5,5,5,5,5,5,5,5,5
Iteration 137,5,5,5,5,5,5,5,5,-5,-5,-5,5,5,5,-5,-5,-5,5,5,5,5,5,-5,5,5,-5,-5,-5,5,5,5,5,5,5,5,5
Iteration 138,5,5,5,5,5,5,5,5,-5,-5,-5,5,5,5,5,-5,5,5,5,5,-5,5,-5,5,-5,-5,-5,-5,5,5,5,5,5,5,5,5
Iteration 139,5,5,5,5,5,5,5,-5,5,-5,5,5,5,5,5,-5,5,5,5,5,-5,-5,5,5,5,5,5,-5,-5,5,5,5,5,5,5,5
Iteration 140,5,5,5,5,5,5,5,-5,-5,-5,5,5,5,5,5,-5,5,5,5,5,-5,5,-5,5,5,5,5,-5,5,5,5,5,5,5,5,5
Iteration 141,5,5,5,5,5,5,5,5,-5,-5,5,5,5,5,5,-5,5,5,5,5,5,-5,5,5,5,5,-5,-5,5,5,5,5,5,5,5,5
Iteration 142,5,5,5,5,5,5,5,5,5,-5,5,5,5,5,-5,-5,5,5,5,5,5,-5,5,5,5,5,-5,-5,5,5,5,5,5,5,5,5
Iteration 143,5,5,5,5,5,5,-5,5,-5,-5,5,5,5,5,-5,-5,-5,5,5,5,5,-5,5,5,5,-5,-5,5,5,5,5,5,5,5,5,5
Iteration 144,5,5,5,5,5,5,5,5,-5,-5,-5,5,5,5,5,-5,5,5,5,5,-5,5,-5,5,-5,-5,-5,-5,5,5,5,5,5,5,5,5
Iteration 145,5,5,5,5,5,5,5,5,5,-5,-5,5,5,5,-5,-5,5,5,5,5,5,5,-5,5,5,-5,-5,-5,5,5,5,5,5,5,5,5
Iteration 146,5,5,5,5,5,5,5,5,5,5,-5,5,5,5,-5,-5,5,5,5,5,5,5,5,5,5,-5,-5,-5,5,5,5,5,5,5,5,5
Iteration 147,5,5,5,5,5,5,5,5,-5,-5,-5,5,5,5,-5,-5,-5,5,5,5,-5,-5,5,5,5,-5,5,-5,5,5,5,5,5,5,5,5
Iteration 148,5,5,5,5,5,5,5,5,-5,-5,5,5,5,5,-5,-5,5,5,5,-5,5,5,-5,5,5,5,5,-5,-5,5,5,5,5,5,5,5
Iteration 149,5,5,5,5,5,5,5,-5,-5,-5,5,5,5,5,-5,-5,5,5,5,5,5,-5,-5,5,5,-5,-5,-5,-5,5,5,5,5,5,5,5
Iteration 150,5,5,5,5,5,5,5,-5,-5,-5,5,5,5,5,-5,-5,5,5,5,5,-5,-5,5,5,5,5,5,-5,5,5,5,5,5,5,5,5
Iteration 151,5,5,5,5,5,5,5,5,-5,-5,5,5,5,5,-5,5,5,5,5,5,5,-5,5,5,5,5,-5,-5,5,5,5,5,5,5,5,5
Iteration 152,5,5,5,5,5,5,5,5,-5,-5,-5,5,5,5,-5,-5,5,5,5,5,5,5,5,5,-5,-5,-5,-5,5,5,5,5,5,5,5,5
Iteration 153,5,5,5,5,5,5,5,5,-5,-5,-5,5,5,5,-5,-5,5,5,5,5,5,-5,5,5,5,-5,-5,-5,5,5,5,5,5,5,5,5
Iteration 154,5,5,5,5,5,5,5,5,5,5,-5,5,5,5,-5,-5,5,5,5,5,5,5,5,5,5,-5,-5,-5,5,5,5,5,5,5,5,5
Iteration 155,5,5,5,5,5,5,5,-5,-5,-5,5,5,5,5,-5,-5,5,5,5,5,5,-5,-5,5,5,-5,-5,-5,-5,5,5,5,5,5,5,5
Iteration 156,5,5,5,5,5,5,5,5,-5,-5,5,5,5,5,-5,-5,5,5,5,5,5,-5,5,5,5,-5,-5,-5,5,5,5,5,5,5,5,5
Iteration 157,5,5,5,5,5,5,5,-5,-5,-5,5,5,5,5,-5,-5,5,5,5,5,-5,-5,5,5,5,5,5,5,5,5,5,5,5,5,5,5
Iteration 158,5,5,5,5,5,5,5,5,5,5,-5,5,5,5,-5,-5,5,5,5,5,5,-5,5,5,5,-5,-5,-5,5,5,5,5,5,5,5,5
Iteration 159,5,5,5,5,5,5,5,5,5,5,5,5,5,5,-5,-5,5,5,5,5,5,5,5,5,5,-5,-5,-5,5,5,5,5,5,5,5,5
Iteration 160,5,5,5,5,5,5,5,5,-5,-5,5,5,5,5,5,-5,5,5,5,5,-5,-5,5,5,5,5,5,-5,5,5,5,5,5,5,5,5
Iteration 161,5,5,5,5,5,5,5,5,-5,-5,-5,5,5,5,-5,-5,5,5,5,5,5,-5,5,5,5,-5,5,-5,5,5,5,5,5,5,5,5
Iteration 162,5,5,5,5,5,5,5,5,-5,-5,5,5,5,5,-5,-5,5,5,5,5,5,5,5,5,5,-5,5,-5,5,5,5,5,5,5,5,5
Iteration 163,5,5,5,5,5,5,5,5,5,5,5,5,5,5,-5,-5,5,5,5,5,5,5,5,5,5,-5,5,-5,5,5,5,5,5,5,5,5
Iteration 164,5,5,5,5,5,5,5,-5,-5,-5,5,5,5,5,-5,-5,5,5,5,5,5,-5,-5,5,5,-5,5,-5,5,5,5,5,5,5,5,5
Iteration 165,5,5,5,5,5,5,5,5,5,-5,5,5,5,5,-5,5,5,5,5,5,5,-5,5,5,5,5,-5,-5,5,5,5,5,5,5,5,5
Iteration 166,5,5,5,5,5,5,5,5,-5,-5,-5,5,5,5,5,-5,5,5,5,5,-5,-5,5,5,5,-5,-5,-5,5,5,5,5,5,5,5,5
Iteration 167,5,5,5,5,5,5,5,5,-5,-5,5,5,5,5,-5,-5,5,5,5,5,5,5,5,5,5,-5,-5,-5,5,5,5,5,5,5,5,5
Iteration 168,5,5,5,5,5,5,5,-5,-5,-5,-5,5,5,5,-5,-5,5,5,5,5,-5,-5,5,5,5,-5,5,5,-5,5,5,5,5,5,5,5
Iteration 169,5,5,5,5,5,5,5,-5,-5,-5,5,5,5,-5,-5,-5,5,5,5,5,5,-5,-5,5,5,-5,-5,5,-5,5,5,5,5,5,5,5
Iteration 170,5,5,5,5,5,5,5,5,-5,5,-5,5,5,5,-5,-5,5,5,5,5,5,-5,5,5,5,-5,-5,-5,5,5,5,5,5,5,5,5
Iteration 171,5,5,5,5,5,5,5,5,5,5,-5,5,5,5,-5,-5,5,5,5,5,5,-5,5,5,5,-5,-5,-5,5,5,5,5,5,5,5,5
Iteration 172,5,5,5,5,5,5,5,5,-5,-5,-5,5,5,5,-5,-5,5,5,5,5,5,-5,5,5,5,-5,-5,-5,5,5,5,5,5,5,5,5
Iteration 173,5,5,5,5,5,5,5,-5,-5,-5,5,5,5,5,-5,-5,5,5,5,5,5,-5,5,5,5,-5,5,-5,5,5,5,5,5,5,5,5
Iteration 174,5,5,5,5,5,5,5,5,5,-5,5,5,5,5,-5,-5,-5,5,5,5,-5,-5,5,5,5,-5,-5,-5,5,5,5,5,5,5,5,5
Iteration 175,5,5,5,5,5,5,5,5,-5,-5,5,5,5,5,5,-5,5,5,5,5,-5,-5,5,5,5,5,-5,-5,5,5,5,5,5,5,5,5
Iteration 176,5,5,5,5,5,5,5,5,-5,-5,-5,5,5,5,-5,-5,-5,5,5,5,5,-5,-5,5,5,-5,-5,-5,-5,5,5,5,5,5,5,5
Iteration 177,5,5,5,5,5,5,5,5,-5,-5,5,5,5,5,5,-5,5,5,5,5,-5,5,-5,5,5,5,-5,-5,5,5,5,5,5,5,5,5
Iteration 178,5,5,5,5,5,5,5,5,-5,-5,5,5,5,-5,-5,-5,5,5,5,5,-5,-5,-5,5,5,5,5,-5,-5,5,5,5,-5,5,5,5
Iteration 179,5,5,5,5,5,5,5,5,-5,-5,5,5,5,5,5,-5,5,5,5,5,5,-5,5,5,5,-5,5,-5,5,5,5,5,5,5,5,5
Iteration 180,5,5,5,5,5,5,5,5,-5,-5,-5,5,5,5,-5,-5,5,5,5,5,5,5,5,5,5,-5,5,5,5,5,5,5,5,5,5,5
Iteration 181,5,5,5,5,5,5,5,5,-5,-5,-5,5,5,5,-5,-5,5,5,5,5,5,5,-5,5,5,-5,-5,-5,-5,5,5,5,5,5,5,5
Iteration 182,5,5,5,5,5,5,5,5,5,-5,5,5,5,5,-5,-5,5,5,5,5,5,5,5,5,5,-5,-5,-5,5,5,5,5,5,5,5,5
Iteration 183,5,5,5,5,5,5,5,5,-5,-5,5,5,5,5,-5,-5,5,5,5,5,5,5,-5,5,5,-5,-5,-5,5,5,5,5,5,5,5,5
Iteration 184,5,5,5,5,5,5,5,5,5,-5,-5,5,5,-5,-5,-5,-5,5,5,5,-5,-5,5,5,5,-5,5,-5,5,5,5,5,5,5,5,5
Iteration 185,5,5,5,5,5,5,5,5,-5,5,-5,5,5,5,5,-5,-5,5,5,5,5,-5,-5,5,5,-5,-5,-5,5,5,5,5,5,5,5,5
Iteration 186,5,5,5,5,5,5,5,5,-5,-5,-5,5,5,5,5,-5,5,5,5,5,5,-5,5,5,5,5,-5,5,5,5,5,5,5,5,5,5
Iteration 187,5,5,5,5,5,5,5,5,-5,-5,5,5,5,5,-5,-5,5,5,5,5,5,5,5,5,5,-5,-5,-5,5,5,5,5,5,5,5,5
Iteration 188,5,5,5,5,5,5,5,5,-5,-5,5,5,5,5,-5,-5,5,5,5,5,-5,-5,5,5,5,5,5,-5,5,5,5,5,5,5,5,5
Iteration 189,5,5,5,5,5,5,5,5,-5,-5,-5,5,5,5,-5,-5,-5,5,5,5,5,5,-5,5,5,-5,-5,-5,5,5,5,5,5,5,5,5
Iteration 190,5,5,5,5,5,5,5,5,5,-5,5,5,5,5,-5,-5,5,5,5,5,5,5,-5,5,5,5,-5,-5,5,5,5,5,5,5,5,5
Iteration 191,5,5,5,5,5,5,5,-5,-5,-5,5,5,5,5,5,-5,5,5,5,5,-5,-5,5,5,5,5,5,5,-5,5,5,5,5,5,5,5
Iteration 192,5,5,5,5,5,5,5,5,-5,-5,5,5,5,5,-5,-5,5,5,5,5,-5,5,-5,5,5,-5,-5,-5,5,5,5,5,5,5,5,5
Iteration 193,5,5,5,5,5,5,5,5,-5,-5,5,5,5,5,-5,-5,5,5,5,5,-5,-5,5,5,5,5,-5,-5,5,5,5,5,5,5,5,5
Iteration 194,5,5,5,5,5,5,5,5,5,-5,5,5,5,5,-5,-5,-5,5,5,5,-5,5,5,5,5,-5,-5,-5,5,5,5,5,5,5,5,5
Iteration 195,5,5,5,5,5,5,5,5,-5,-5,5,5,5,5,-5,-5,5,5,5,5,-5,-5,5,5,5,5,-5,-5,5,5,5,5,5,5,5,5
Iteration 196,5,5,5,5,5,5,5,5,-5,-5,5,5,5,5,5,-5,5,5,5,5,-5,-5,5,5,5,5,5,-5,5,5,5,5,5,5,5,5
Iteration 197,5,5,5,5,5,5,5,-5,-5,-5,5,5,5,5,-5,5,5,5,5,5,5,5,5,5,5,5,5,5,5,5,5,5,5,-5,5,5
Iteration 198,5,5,5,5,5,5,5,5,5,-5,5,5,5,5,-5,-5,5,5,5,5,5,-5,5,5,5,5,-5,-5,5,5,5,5,5,5,5,5
Iteration 199,5,5,5,5,5,5,5,5,-5,-5,5,5,5,5,-5,-5,5,5,5,5,-5,5,5,5,5,5,-5,-5,5,5,5,5,5,5,5,5
Iteration 200,5,5,5,5,5,5,5,5,-5,-5,5,5,5,5,-5,-5,5,5,5,5,-5,-5,-5,5,5,5,-5,-5,5,5,5,5,5,5,5,5
Iteration 201,5,5,5,5,5,5,5,-5,-5,5,5,5,5,5,-5,5,5,5,5,5,-5,-5,-5,5,5,5,5,5,-5,5,5,5,5,5,5,5
Iteration 202,5,5,5,5,5,5,5,5,-5,-5,5,5,5,5,5,-5,5,5,5,5,5,-5,5,5,5,5,5,-5,5,5,5,5,-5,5,5,5
Iteration 203,5,5,5,5,5,5,5,-5,-5,-5,5,5,5,5,5,-5,5,5,5,5,-5,-5,5,5,5,5,5,-5,5,5,5,5,5,5,5,5
Iteration 204,5,5,5,5,5,5,5,5,-5,-5,5,5,5,5,-5,-5,5,5,5,5,5,5,5,5,5,-5,5,-5,5,5,5,5,5,5,5,5
Iteration 205,5,5,5,5,5,5,5,5,-5,-5,5,5,5,5,-5,-5,5,5,5,5,-5,-5,5,5,5,5,5,-5,5,5,5,5,-5,5,5,5
Iteration 206,5,5,5,5,5,5,5,-5,-5,-5,5,5,5,5,5,-5,5,5,5,5,5,-5,5,5,5,5,5,-5,-5,5,5,5,5,5,5,5
Iteration 207,5,5,5,5,5,5,5,5,-5,-5,5,5,5,5,-5,5,5,5,5,5,-5,-5,5,5,5,5,5,-5,5,5,5,5,5,5,5,5
Iteration 208,5,5,5,5,5,5,5,5,5,5,5,5,5,5,-5,-5,5,5,5,5,5,-5,5,5,5,5,-5,5,5,5,5,5,5,5,5,5
Iteration 209,5,5,5,5,5,5,5,-5,-5,-5,-5,5,5,5,-5,-5,5,5,5,-5,-5,5,-5,5,5,-5,5,5,-5,5,5,5,5,5,5,5
Iteration 210,5,5,5,5,5,5,5,-5,-5,-5,5,5,5,5,-5,-5,5,5,5,5,5,5,5,5,5,-5,-5,-5,-5,5,5,5,5,5,5,5
Iteration 211,5,5,5,5,5,5,5,5,-5,-5,5,5,5,5,-5,-5,5,5,5,5,5,-5,5,5,5,5,-5,-5,5,5,5,5,5,5,5,5
Iteration 212,5,5,5,5,5,5,5,5,-5,-5,5,5,5,5,-5,-5,5,5,5,5,-5,-5,5,5,5,-5,5,-5,5,5,5,5,5,5,5,5
Iteration 213,5,5,5,5,5,5,5,-5,-5,-5,5,5,5,5,5,-5,5,5,5,5,-5,-5,5,5,5,-5,-5,-5,-5,5,5,5,5,5,5,5
Iteration 214,5,5,5,5,5,5,5,5,-5,-5,5,5,5,5,-5,-5,5,5,5,5,5,5,5,5,5,-5,5,-5,5,5,5,5,5,5,5,5
Iteration 215,5,5,5,5,5,5,5,-5,-5,-5,-5,5,5,5,-5,-5,5,5,5,5,-5,-5,-5,5,5,-5,-5,-5,-5,5,5,5,5,5,5,5
Iteration 216,5,5,5,5,5,5,5,-5,-5,-5,5,5,5,5,-5,-5,5,5,5,5,-5,5,-5,5,5,-5,5,-5,5,5,5,5,5,5,5,5
Iteration 217,5,5,5,5,5,5,5,5,-5,-5,5,5,5,5,-5,-5,5,5,5,5,-5,5,-5,5,5,5,-5,-5,-5,5,5,5,5,5,5,5
Iteration 218,5,5,5,5,5,5,5,-5,-5,-5,5,5,5,5,-5,-5,5,5,5,5,5,-5,-5,5,5,5,5,-5,-5,5,5,5,5,5,5,5
Iteration 219,5,5,5,5,5,5,5,-5,-5,-5,-5,5,5,5,5,-5,5,5,5,5,-5,5,-5,5,5,5,5,5,-5,5,5,5,5,5,5,5
Iteration 220,5,5,5,5,5,5,5,5,5,-5,5,5,5,5,-5,-5,5,5,5,5,5,-5,5,5,5,5,5,-5,5,5,5,5,5,5,5,5
Iteration 221,5,5,5,5,5,5,5,5,-5,-5,5,5,5,5,5,-5,5,5,5,5,-5,5,-5,5,5,-5,5,-5,5,5,5,5,5,5,5,5
Iteration 222,5,5,5,5,5,5,5,-5,-5,-5,5,5,5,5,-5,-5,5,5,5,5,-5,-5,5,5,5,-5,5,-5,-5,5,5,5,5,5,5,5
Iteration 223,5,5,5,5,5,5,5,5,-5,-5,5,5,5,5,5,-5,5,5,5,5,-5,-5,5,5,5,5,5,-5,5,5,5,5,-5,5,5,5
Iteration 224,5,5,5,5,5,5,5,5,-5,-5,5,5,5,5,5,-5,5,5,5,5,-5,5,5,5,5,5,5,-5,5,5,5,5,5,5,5,5
Iteration 225,5,5,5,5,5,5,5,5,-5,-5,5,5,5,5,5,-5,5,5,5,5,-5,5,5,5,5,-5,5,-5,5,5,5,5,5,5,5,5
Iteration 226,5,5,5,5,5,5,5,5,5,-5,5,5,5,5,-5,-5,5,5,5,5,5,-5,5,5,5,5,-5,-5,5,5,5,5,5,5,5,5
Iteration 227,5,5,5,5,5,5,5,5,-5,-5,5,5,5,5,5,-5,5,5,5,5,-5,-5,5,5,5,5,5,-5,5,5,5,5,5,5,5,5
Iteration 228,5,5,5,5,5,5,5,5,-5,-5,-5,5,5,5,5,-5,-5,5,5,5,-5,-5,5,5,5,-5,-5,-5,5,5,5,5,5,5,5,5
Iteration 229,5,5,5,5,5,5,5,-5,-5,-5,5,5,5,5,-5,-5,5,5,5,5,5,5,-5,5,5,-5,-5,-5,-5,5,5,5,5,5,5,5
Iteration 230,5,5,5,5,5,5,5,5,-5,-5,-5,5,5,5,5,-5,-5,5,5,5,-5,-5,5,5,5,-5,-5,-5,5,5,5,5,5,5,5,5
Iteration 231,5,5,5,5,5,5,5,5,5,-5,-5,5,5,5,5,-5,-5,5,5,5,-5,-5,5,5,5,-5,-5,5,5,5,5,5,5,5,5,5
Iteration 232,5,5,5,5,5,5,5,5,-5,-5,-5,5,5,5,-5,-5,5,5,5,5,5,5,5,5,5,-5,-5,-5,5,5,5,5,5,5,5,5
Iteration 233,5,5,5,5,5,5,5,5,5,-5,-5,5,5,5,5,-5,-5,5,5,5,5,-5,5,5,5,-5,-5,5,5,5,5,5,5,5,5,5
Iteration 234,5,5,5,5,5,5,5,5,-5,-5,5,5,5,5,-5,-5,5,5,5,5,5,5,-5,5,5,5,5,-5,5,5,5,5,5,5,5,5
Iteration 235,5,5,5,5,5,5,5,5,-5,-5,-5,5,5,5,5,-5,5,5,5,5,-5,-5,5,5,5,5,5,-5,5,5,5,5,5,5,5,5
Iteration 236,5,5,5,5,5,5,5,5,-5,-5,-5,5,5,5,-5,-5,5,5,5,5,5,-5,5,5,5,-5,-5,-5,5,5,5,5,5,5,5,5
Iteration 237,5,5,5,5,5,5,5,-5,-5,-5,5,5,5,5,5,5,5,5,5,5,-5,-5,5,5,5,5,5,-5,5,5,5,5,-5,5,5,5
Iteration 238,5,5,5,5,5,5,5,5,-5,-5,-5,5,5,5,5,-5,-5,5,5,5,-5,-5,5,5,5,-5,-5,-5,5,5,5,5,5,5,5,5
Iteration 239,5,5,5,5,5,5,5,5,-5,-5,-5,5,5,5,5,-5,-5,5,5,5,-5,-5,5,5,5,-5,5,-5,5,5,5,5,5,5,5,5
Iteration 240,5,5,5,5,5,5,5,5,-5,-5,-5,5,5,5,5,-5,5,5,5,5,-5,-5,5,5,5,5,-5,-5,5,5,5,5,5,5,5,5
Iteration 241,5,5,5,5,5,5,5,5,-5,-5,-5,5,5,5,5,-5,-5,5,5,5,-5,-5,5,5,5,-5,-5,-5,5,5,5,5,5,5,5,5
Iteration 242,5,5,5,5,5,5,5,-5,-5,-5,5,5,5,5,-5,-5,5,5,5,5,-5,-5,5,5,5,-5,5,5,-5,5,5,5,5,5,5,5
Iteration 243,5,5,5,5,5,5,5,-5,-5,-5,5,5,5,5,5,-5,5,5,5,5,5,5,-5,5,5,5,5,-5,5,5,5,5,5,5,5,5
Iteration 244,5,5,5,5,5,5,5,5,-5,-5,-5,5,5,5,5,-5,-5,5,5,5,-5,-5,5,5,5,-5,-5,-5,5,5,5,5,5,5,5,5
Iteration 245,5,5,5,5,5,5,5,5,-5,-5,-5,5,5,5,5,-5,-5,5,5,5,-5,-5,5,5,5,-5,-5,-5,5,5,5,5,5,5,5,5
Iteration 246,5,5,5,5,5,5,5,5,5,-5,-5,5,5,5,5,5,-5,5,5,5,-5,-5,5,5,5,-5,-5,-5,5,5,5,5,5,5,5,5
Iteration 247,5,5,5,5,5,5,5,5,-5,-5,5,5,5,5,5,5,5,5,5,5,-5,-5,5,5,5,5,-5,5,5,5,5,5,5,5,5,5
Iteration 248,5,5,5,5,5,5,5,5,-5,-5,-5,5,5,5,-5,-5,5,5,5,5,5,-5,5,5,5,-5,-5,-5,5,5,5,5,5,5,5,5
Iteration 249,5,5,5,5,5,5,5,5,-5,-5,-5,5,5,5,-5,-5,5,5,5,5,-5,5,5,5,5,-5,5,-5,5,5,5,5,5,5,5,5
Iteration 250,5,5,5,5,5,5,5,5,-5,-5,5,5,5,5,5,-5,5,5,5,5,-5,5,-5,5,5,5,5,-5,5,5,5,5,5,5,5,5
Iteration 251,5,5,5,5,5,5,5,5,-5,-5,-5,5,5,5,-5,-5,5,5,5,5,-5,-5,5,5,5,-5,-5,-5,-5,5,5,5,5,5,5,5
Iteration 252,5,5,5,5,5,5,5,5,-5,-5,5,5,5,5,5,-5,5,5,5,5,5,-5,5,5,5,5,-5,5,5,5,5,5,5,5,5,5
Iteration 253,5,5,5,5,5,5,5,5,-5,-5,5,5,5,5,-5,-5,-5,5,5,5,5,5,-5,5,5,-5,-5,-5,5,5,5,5,5,5,5,5
Iteration 254,5,5,5,5,5,5,5,-5,-5,-5,5,5,5,5,-5,-5,5,5,5,5,5,-5,5,5,5,-5,-5,-5,-5,5,5,5,5,5,5,5
Iteration 255,5,5,5,5,5,5,5,5,-5,-5,5,5,5,-5,-5,-5,5,5,5,5,5,5,-5,5,5,-5,-5,-5,-5,5,5,5,5,5,5,5
Iteration 256,5,5,5,5,5,5,5,5,-5,-5,5,5,5,5,-5,-5,5,5,5,5,5,5,-5,5,5,5,5,-5,5,5,5,5,5,5,5,5
Iteration 257,5,5,5,5,5,5,5,-5,-5,-5,-5,5,5,5,-5,5,5,5,5,5,-5,-5,-5,5,5,-5,-5,-5,-5,5,5,5,5,5,5,5
Iteration 258,5,5,5,5,5,5,5,-5,5,-5,5,5,5,-5,-5,-5,5,5,5,5,5,5,-5,5,5,5,5,-5,-5,5,5,5,5,5,5,5
Iteration 259,5,5,5,5,5,5,5,5,-5,-5,-5,5,5,5,-5,-5,5,5,5,5,5,-5,5,5,5,-5,-5,-5,5,5,5,5,5,5,5,5
Iteration 260,5,5,5,5,5,5,5,5,-5,-5,-5,5,5,5,5,-5,-5,5,5,5,-5,-5,5,5,5,5,5,-5,5,5,5,5,5,5,5,5
Iteration 261,5,5,5,5,5,5,5,5,-5,5,-5,5,5,5,-5,-5,5,5,5,5,5,-5,5,5,5,-5,5,-5,-5,5,5,5,5,5,5,5
Iteration 262,5,5,5,5,5,5,5,5,-5,-5,-5,5,5,5,-5,-5,5,5,5,5,5,5,5,5,5,-5,-5,-5,5,5,5,5,5,5,5,5
Iteration 263,5,5,5,5,5,5,5,5,-5,-5,-5,5,5,5,-5,-5,5,5,5,5,5,-5,5,5,5,-5,-5,-5,5,5,5,5,5,5,5,5
Iteration 264,5,5,5,5,5,5,5,5,-5,-5,-5,5,5,5,-5,-5,5,5,5,5,5,-5,5,5,5,-5,-5,-5,5,5,5,5,5,5,5,5
Iteration 265,5,5,5,5,5,5,5,5,-5,5,5,5,5,5,5,-5,5,5,5,5,5,-5,5,5,5,5,5,-5,5,5,5,5,5,5,5,5
Iteration 266,5,5,5,5,5,5,5,-5,-5,-5,5,5,5,5,5,-5,-5,5,5,5,-5,-5,5,5,5,5,5,-5,5,5,5,5,5,5,5,5
Iteration 267,5,5,5,5,5,5,5,5,-5,-5,5,5,5,5,-5,-5,5,5,5,5,5,5,5,5,5,-5,5,-5,5,5,5,5,5,5,5,5
Iteration 268,5,5,5,5,5,5,5,-5,-5,-5,5,5,5,5,-5,-5,5,5,5,5,-5,-5,-5,5,5,5,5,5,-5,5,5,5,5,5,5,5
Iteration 269,5,5,5,5,5,5,5,5,-5,5,5,5,5,5,-5,-5,5,5,5,5,-5,-5,-5,5,5,5,5,5,-5,5,5,5,5,-5,5,5
Iteration 270,5,5,5,5,5,5,5,5,-5,-5,5,5,5,5,-5,-5,5,5,5,5,5,5,-5,5,5,5,-5,-5,-5,5,5,5,5,5,5,5
Iteration 271,5,5,5,5,5,5,5,-5,-5,-5,5,5,5,5,-5,5,5,5,5,5,5,5,-5,5,5,5,5,5,-5,5,5,5,5,5,5,5
Iteration 272,5,5,5,5,5,5,5,-5,-5,-5,5,5,5,-5,-5,-5,5,5,5,5,-5,-5,-5,5,5,5,-5,-5,-5,5,5,5,5,5,5,5
Iteration 273,5,5,5,5,5,5,5,5,-5,-5,5,5,5,5,-5,5,5,5,5,5,5,-5,5,5,5,5,5,-5,5,5,5,5,5,5,5,5
Iteration 274,5,5,5,5,5,5,5,-5,-5,-5,5,5,5,5,-5,-5,5,5,5,5,5,5,5,5,5,5,5,5,5,5,5,5,5,5,5,5
Iteration 275,5,5,5,5,5,5,5,5,5,-5,5,5,5,5,-5,-5,5,5,5,5,-5,-5,5,5,5,-5,5,-5,-5,5,5,5,5,5,5,5
Iteration 276,5,5,5,5,5,5,5,-5,-5,-5,5,5,5,5,-5,-5,-5,5,5,5,-5,5,-5,5,5,-5,-5,-5,-5,5,5,5,5,5,5,5
Iteration 277,5,5,5,5,5,5,5,5,5,-5,5,5,5,-5,-5,-5,5,5,5,5,-5,-5,-5,5,5,-5,-5,-5,-5,5,5,5,5,5,5,5
Iteration 278,5,5,5,5,5,5,5,5,-5,-5,-5,5,5,5,5,-5,5,5,5,5,5,-5,-5,5,-5,-5,-5,-5,5,5,5,5,5,5,5,5
Iteration 279,5,5,5,5,5,5,5,5,-5,-5,5,5,5,5,-5,5,5,5,5,5,5,-5,5,5,5,5,-5,-5,5,5,5,5,5,5,5,5
Iteration 280,5,5,5,5,5,5,5,5,-5,-5,5,5,5,5,5,-5,5,5,5,5,5,-5,5,5,5,-5,-5,-5,5,5,5,5,5,5,5,5
Iteration 281,5,5,5,5,5,5,5,5,5,-5,5,5,5,5,5,-5,5,5,5,5,5,-5,5,5,5,-5,5,-5,5,5,5,5,5,5,5,5
Iteration 282,5,5,5,5,5,5,5,-5,-5,-5,5,5,5,5,-5,-5,5,5,5,5,-5,-5,-5,5,5,5,-5,-5,-5,5,5,5,5,5,5,5
Iteration 283,5,5,5,5,5,5,5,-5,-5,-5,5,5,5,5,-5,-5,5,5,5,5,5,5,-5,5,5,-5,-5,-5,-5,5,5,5,5,5,5,5
Iteration 284,5,5,5,5,5,5,5,5,-5,-5,-5,5,5,-5,-5,-5,5,5,5,5,5,-5,-5,5,5,-5,-5,-5,-5,5,5,5,5,5,5,5
Iteration 285,5,5,5,5,5,5,5,-5,-5,-5,5,5,5,5,-5,-5,-5,5,5,5,5,5,-5,5,5,-5,5,-5,-5,5,5,5,5,5,5,5
Iteration 286,5,5,5,5,5,5,5,5,-5,-5,-5,5,5,5,5,-5,-5,5,5,5,-5,-5,5,5,5,5,5,-5,5,5,5,-5,-5,5,5,5
Iteration 287,5,5,5,5,5,5,5,5,-5,-5,5,5,5,5,-5,-5,5,5,5,5,5,5,-5,5,5,-5,-5,-5,-5,5,5,5,5,5,5,5
Iteration 288,5,5,5,5,5,5,5,5,-5,-5,5,5,5,5,5,-5,5,5,5,5,-5,-5,-5,5,5,5,5,5,5,5,5,5,-5,5,5,5
Iteration 289,5,5,5,5,5,5,5,-5,-5,-5,-5,5,5,5,-5,-5,5,5,5,5,5,-5,5,5,5,5,5,5,5,5,5,5,5,5,5,5
Iteration 290,5,5,5,5,5,5,5,5,-5,-5,-5,5,5,5,-5,-5,5,5,5,5,-5,-5,5,5,5,-5,5,-5,-5,5,5,5,5,5,5,5
Iteration 291,5,5,5,5,5,5,5,-5,-5,5,5,5,5,5,-5,-5,5,5,5,5,-5,-5,5,5,5,-5,-5,-5,5,5,5,5,5,5,5,5
Iteration 292,5,5,5,5,5,5,5,5,-5,-5,5,5,5,5,5,-5,5,5,5,5,-5,-5,5,5,5,-5,5,-5,5,5,5,5,5,5,5,5
Iteration 293,5,5,5,5,5,5,5,5,-5,-5,-5,5,5,5,5,-5,5,5,5,5,-5,-5,5,5,5,-5,5,-5,5,5,5,5,5,5,5,5
Iteration 294,5,5,5,5,5,5,5,5,-5,-5,5,5,5,5,-5,-5,5,5,5,5,-5,-5,5,5,5,5,-5,-5,5,5,5,5,5,5,5,5
Iteration 295,5,5,5,5,5,5,5,5,-5,-5,-5,5,5,5,5,-5,5,5,5,5,-5,-5,5,5,5,5,5,-5,5,5,5,5,5,5,5,5
Iteration 296,5,5,5,5,5,5,5,5,-5,-5,-5,5,5,5,-5,-5,5,5,5,5,-5,-5,5,5,5,5,5,-5,5,5,5,5,5,5,5,5
Iteration 297,5,5,5,5,5,5,5,5,-5,-5,-5,5,5,5,-5,-5,5,5,5,5,5,-5,5,5,5,-5,5,-5,-5,5,5,5,5,5,5,5
Iteration 298,5,5,5,5,5,5,5,5,-5,-5,-5,5,5,5,-5,-5,5,5,5,5,5,-5,5,5,5,-5,5,5,-5,5,5,5,5,5,5,5
Iteration 299,5,5,5,5,5,5,5,-5,-5,-5,5,5,5,5,-5,5,5,5,5,5,-5,-5,5,5,5,5,5,5,-5,5,5,5,5,5,5,5
Iteration 300,5,5,5,5,5,5,5,5,-5,-5,-5,5,5,5,5,-5,5,5,5,5,-5,-5,5,5,5,5,5,-5,5,5,5,5,5,5,5,5
Iteration 301,5,5,5,5,5,5,5,5,5,-5,5,5,5,5,-5,-5,5,5,5,5,5,-5,5,5,5,5,5,-5,5,5,5,5,5,5,5,5
Iteration 302,5,5,5,5,5,5,5,5,-5,-5,-5,5,5,5,5,-5,5,5,5,-5,-5,5,5,5,5,5,5,-5,5,5,5,-5,-5,5,5,5
Iteration 303,5,5,5,5,5,5,5,5,-5,-5,5,5,5,5,5,-5,5,5,5,-5,-5,-5,5,5,5,5,5,-5,5,5,5,5,5,5,5,5
Iteration 304,5,5,5,5,5,5,5,5,-5,-5,-5,5,5,5,5,-5,5,5,5,5,-5,-5,5,5,5,-5,-5,-5,5,5,5,5,5,5,5,5
Iteration 305,5,5,5,5,5,5,5,5,-5,-5,5,5,5,5,-5,5,5,5,5,5,-5,5,5,5,5,5,5,-5,5,5,5,5,5,5,5,5
Iteration 306,5,5,5,5,5,5,5,5,-5,-5,5,5,5,5,5,-5,5,5,5,5,-5,-5,5,5,5,5,5,5,-5,5,5,5,5,5,5,5
Iteration 307,5,5,5,5,5,5,5,5,-5,-5,5,5,5,5,5,-5,5,5,5,5,-5,-5,5,5,5,5,5,-5,5,5,5,5,-5,5,5,5
Iteration 308,5,5,5,5,5,5,5,5,-5,-5,-5,5,5,5,5,-5,5,5,5,5,-5,5,-5,5,5,5,-5,-5,5,5,5,5,5,5,5,5
Iteration 309,5,5,5,5,5,5,5,5,-5,-5,-5,5,5,5,-5,-5,5,5,5,5,5,5,5,5,5,-5,-5,-5,5,5,5,5,5,5,5,5
Iteration 310,5,5,5,5,5,5,5,5,-5,-5,5,5,5,5,5,-5,5,5,5,5,-5,-5,5,5,5,5,5,-5,5,5,5,5,5,5,5,5
Iteration 311,5,5,5,5,5,5,5,5,-5,-5,-5,5,5,5,-5,-5,5,5,5,5,-5,5,5,5,5,-5,-5,-5,5,5,5,5,5,5,5,5
Iteration 312,5,5,5,5,5,5,5,5,-5,-5,5,5,5,5,-5,-5,5,5,5,5,5,5,5,5,5,-5,-5,-5,5,5,5,5,5,5,5,5
Iteration 313,5,5,5,5,5,5,5,5,-5,-5,5,5,5,5,5,-5,5,5,5,5,-5,-5,5,5,5,5,5,-5,5,5,5,5,-5,5,5,5
Iteration 314,5,5,5,5,5,5,5,5,5,-5,5,5,5,5,5,-5,5,5,5,-5,5,5,5,5,5,-5,-5,-5,5,5,5,5,5,5,5,5
Iteration 315,5,5,5,5,5,5,5,5,-5,-5,-5,5,5,5,-5,-5,5,5,5,5,5,5,5,5,5,-5,-5,-5,5,5,5,5,5,5,5,5
Iteration 316,5,5,5,5,5,5,5,5,5,-5,5,5,5,5,5,5,-5,5,5,5,5,-5,5,5,5,-5,-5,-5,5,5,5,5,5,5,5,5
Iteration 317,5,5,5,5,5,5,5,5,-5,-5,5,5,5,5,5,-5,5,5,5,5,5,5,5,5,5,-5,-5,-5,5,5,5,5,5,5,5,5
Iteration 318,5,5,5,5,5,5,5,-5,-5,-5,5,5,5,5,-5,-5,5,5,5,5,5,5,-5,5,5,-5,5,-5,5,5,5,5,5,5,5,5
Iteration 319,5,5,5,5,5,5,5,5,-5,5,5,5,5,5,-5,-5,5,5,5,5,5,5,5,5,5,-5,5,-5,5,5,5,5,5,5,5,5
Iteration 320,5,5,5,5,5,5,5,5,-5,-5,5,5,5,5,5,-5,5,5,5,5,5,-5,5,5,5,-5,-5,-5,5,5,5,5,5,5,5,5
Iteration 321,5,5,5,5,5,5,5,-5,-5,-5,5,5,5,-5,5,-5,5,5,5,5,-5,-5,-5,5,5,5,-5,-5,-5,5,5,5,5,5,5,5
Iteration 322,5,5,5,5,5,5,5,5,5,-5,5,5,5,5,5,-5,5,5,5,5,5,-5,5,5,5,5,5,-5,5,5,5,5,5,5,5,5
Iteration 323,5,5,5,5,5,5,5,5,-5,-5,5,5,5,5,-5,-5,5,5,5,5,5,-5,5,5,5,-5,-5,-5,5,5,5,5,5,5,5,5
Iteration 324,5,5,5,5,5,5,5,5,-5,-5,5,5,5,5,5,-5,5,5,5,5,-5,5,5,5,5,5,5,-5,5,5,5,5,5,5,5,5
Iteration 325,5,5,5,5,5,5,5,5,-5,-5,5,5,5,5,-5,-5,5,5,5,5,5,-5,5,5,5,-5,-5,-5,5,5,5,5,5,5,5,5
Iteration 326,5,5,5,5,5,5,5,-5,-5,-5,-5,5,5,5,5,5,-5,5,5,5,-5,5,5,5,5,-5,5,-5,5,5,5,5,5,5,5,5
Iteration 327,5,5,5,5,5,5,5,-5,-5,-5,5,5,5,-5,-5,-5,-5,5,5,5,-5,5,-5,5,5,-5,5,5,-5,5,5,5,5,5,5,5
Iteration 328,5,5,5,5,5,5,5,5,-5,-5,-5,5,5,5,-5,-5,5,5,5,5,5,5,5,5,5,-5,-5,-5,5,5,5,5,5,5,5,5
Iteration 329,5,5,5,5,5,5,5,5,-5,-5,5,5,5,5,5,-5,5,5,5,5,-5,-5,5,5,5,5,5,-5,5,5,5,5,5,5,5,5
Iteration 330,5,5,5,5,5,5,5,-5,-5,-5,-5,5,5,5,5,-5,-5,5,5,5,5,-5,5,5,5,-5,-5,-5,-5,5,5,5,5,5,5,5
Iteration 331,5,5,5,5,5,5,5,5,5,-5,5,5,5,5,-5,-5,5,5,5,5,5,-5,-5,5,5,-5,-5,-5,-5,5,5,5,5,5,5,5
Iteration 332,5,5,5,5,5,5,5,5,-5,-5,-5,5,5,5,5,-5,5,5,5,5,5,-5,5,5,5,-5,-5,-5,-5,5,5,5,5,5,5,5
Iteration 333,5,5,5,5,5,5,5,-5,5,-5,5,5,5,5,-5,-5,5,5,5,5,5,-5,-5,5,5,-5,-5,-5,-5,5,5,5,5,5,5,5
Iteration 334,5,5,5,5,5,5,5,-5,-5,-5,5,5,5,5,-5,-5,5,5,5,5,5,5,-5,5,5,-5,-5,-5,-5,5,5,5,5,5,5,5
Iteration 335,5,5,5,5,5,5,5,-5,-5,-5,5,5,5,5,-5,-5,5,5,5,5,-5,-5,-5,5,5,5,5,5,-5,5,5,5,5,5,5,5
Iteration 336,5,5,5,5,5,5,5,5,-5,-5,-5,5,5,-5,5,5,-5,5,5,5,5,-5,5,5,5,5,5,-5,5,5,5,5,5,5,5,5
Iteration 337,5,5,5,5,5,5,5,5,-5,-5,5,5,5,5,-5,-5,5,5,5,5,-5,-5,5,5,5,-5,-5,-5,5,5,5,5,5,5,5,5
Iteration 338,5,5,5,5,5,5,5,5,5,5,-5,5,5,5,5,-5,-5,5,5,-5,5,5,-5,5,5,-5,-5,-5,-5,5,5,5,5,5,5,5
Iteration 339,5,5,5,5,5,5,5,5,-5,-5,5,5,5,5,5,-5,5,5,5,5,5,-5,5,5,5,5,5,-5,5,5,5,5,5,5,5,5
Iteration 340,5,5,5,5,5,5,5,-5,5,-5,-5,5,5,5,5,-5,5,5,5,-5,-5,-5,-5,5,5,-5,-5,-5,-5,5,5,5,5,5,5,5
Iteration 341,5,5,5,5,5,5,5,-5,-5,-5,5,5,5,5,5,-5,-5,5,5,5,5,-5,-5,5,5,-5,-5,-5,-5,5,5,5,5,5,5,5
Iteration 342,5,5,5,5,5,5,5,5,-5,-5,5,5,5,5,5,-5,5,5,5,5,-5,-5,5,5,5,5,5,-5,5,5,5,5,-5,5,5,5
Iteration 343,5,5,5,5,5,5,5,-5,-5,-5,5,5,5,5,5,-5,5,5,5,5,5,5,-5,5,5,5,5,-5,5,5,5,-5,-5,5,5,5
Iteration 344,5,5,5,5,5,5,5,5,-5,-5,5,5,5,5,5,-5,5,5,5,5,5,-5,5,5,5,-5,-5,-5,5,5,5,5,5,5,5,5
Iteration 345,5,5,5,5,5,5,5,5,-5,-5,5,5,5,-5,-5,-5,5,5,5,5,5,-5,-5,5,5,-5,5,-5,-5,5,5,5,5,5,5,5
Iteration 346,5,5,5,5,5,5,5,5,-5,-5,5,5,5,5,5,-5,5,5,5,5,5,-5,5,5,5,5,5,-5,5,5,5,5,5,5,5,5
Iteration 347,5,5,5,5,5,5,5,5,-5,-5,-5,5,5,5,5,-5,5,5,5,5,5,-5,5,5,5,-5,-5,-5,5,5,5,5,5,5,5,5
Iteration 348,5,5,5,5,5,5,5,5,-5,-5,5,5,5,5,5,-5,5,5,5,5,5,-5,5,5,5,5,-5,-5,5,5,5,5,5,5,5,5
Iteration 349,5,5,5,5,5,5,5,-5,-5,-5,5,5,5,5,-5,-5,5,5,5,5,5,5,-5,5,5,5,-5,-5,5,5,5,5,5,5,5,5
Iteration 350,5,5,5,5,5,5,5,5,5,-5,5,5,5,5,-5,-5,5,5,5,5,-5,5,5,5,5,-5,-5,-5,5,5,5,5,5,5,5,5
Iteration 351,5,5,5,5,5,5,5,-5,-5,-5,5,5,5,5,-5,5,5,5,5,5,5,-5,-5,5,5,5,-5,-5,-5,5,5,5,5,5,5,5
Iteration 352,5,5,5,5,5,5,5,5,-5,-5,5,5,5,5,-5,-5,5,5,5,5,-5,5,-5,5,5,-5,-5,-5,-5,5,5,5,5,5,5,5
Iteration 353,5,5,5,5,5,5,5,5,-5,-5,5,5,5,5,-5,-5,5,5,5,5,5,5,5,5,5,5,5,-5,5,5,5,5,5,5,5,5
Iteration 354,5,5,5,5,5,5,5,-5,-5,-5,5,5,5,5,-5,-5,5,5,5,5,5,5,-5,5,5,5,-5,-5,-5,5,5,5,5,5,5,5
Iteration 355,5,5,5,5,5,5,5,-5,-5,-5,5,5,5,5,-5,5,5,5,5,5,5,-5,-5,5,5,-5,-5,-5,-5,5,5,5,5,5,5,5
Iteration 356,5,5,5,5,5,5,5,-5,-5,-5,5,5,5,5,-5,-5,5,5,5,5,5,-5,5,5,5,5,5,-5,5,5,5,5,5,5,5,5
Iteration 357,5,5,5,5,5,5,5,-5,-5,-5,5,5,5,5,-5,-5,5,5,5,5,5,-5,-5,5,5,-5,-5,-5,-5,5,5,5,5,5,5,5
Iteration 358,5,5,5,5,5,5,5,-5,-5,-5,5,5,5,5,-5,-5,5,5,5,5,-5,-5,5,5,5,5,-5,-5,-5,5,5,5,5,5,5,5
Iteration 359,5,5,5,5,5,5,5,5,-5,-5,5,5,5,5,5,-5,5,5,5,5,-5,5,5,5,5,5,5,-5,5,5,5,5,5,5,5,5
Iteration 360,5,5,5,5,5,5,5,5,-5,-5,-5,5,5,5,-5,-5,5,5,5,5,-5,-5,-5,5,5,-5,-5,-5,-5,5,5,5,5,5,5,5
Iteration 361,5,5,5,5,5,5,5,5,-5,-5,-5,5,5,5,-5,-5,5,5,5,5,-5,-5,5,5,5,5,-5,-5,5,5,5,5,5,5,5,5
Iteration 362,5,5,5,5,5,5,5,-5,-5,-5,5,5,5,5,-5,-5,5,5,5,5,-5,-5,5,5,5,5,5,5,-5,5,5,5,5,5,5,5
Iteration 363,5,5,5,5,5,5,5,-5,-5,-5,5,5,5,5,-5,-5,5,5,5,5,-5,-5,-5,5,5,5,5,5,-5,5,5,5,5,5,5,5
Iteration 364,5,5,5,5,5,5,5,-5,-5,-5,5,5,5,5,-5,-5,5,5,5,5,5,-5,5,5,5,5,5,-5,5,5,5,5,5,5,5,5
Iteration 365,5,5,5,5,5,5,5,-5,-5,-5,5,5,5,5,-5,-5,5,5,5,5,5,5,-5,5,5,5,5,-5,5,5,5,5,5,5,5,5
Iteration 366,5,5,5,5,5,5,5,-5,-5,-5,5,5,5,5,-5,5,5,5,5,5,5,5,5,5,5,5,5,5,5,5,5,5,5,5,5,5
Iteration 367,5,5,5,5,5,5,5,5,-5,-5,-5,5,5,5,-5,-5,5,5,5,5,5,5,-5,5,5,-5,-5,-5,5,5,5,5,5,5,5,5
Iteration 368,5,5,5,5,5,5,5,5,-5,-5,-5,5,5,5,5,-5,5,5,5,5,-5,-5,-5,5,5,-5,-5,-5,-5,5,5,5,5,5,5,5
Iteration 369,5,5,5,5,5,5,5,5,-5,-5,-5,5,5,5,-5,-5,-5,5,5,5,-5,-5,5,5,5,-5,-5,-5,5,5,5,5,5,5,5,5
Iteration 370,5,5,5,5,5,5,5,5,5,-5,-5,5,5,5,5,-5,5,5,5,5,-5,-5,5,5,5,-5,-5,-5,5,5,5,5,5,5,5,5
Iteration 371,5,5,5,5,5,5,5,5,-5,-5,-5,5,5,5,-5,-5,5,5,5,5,5,5,5,5,5,-5,5,-5,5,5,5,5,5,5,5,5
Iteration 372,5,5,5,5,5,5,5,5,-5,-5,5,5,5,5,-5,-5,-5,5,5,5,5,5,-5,5,5,5,-5,5,-5,5,5,5,5,5,5,5
Iteration 373,5,5,5,5,5,5,5,-5,-5,-5,5,5,5,5,5,-5,5,5,5,5,-5,-5,5,5,5,-5,5,5,-5,5,5,5,5,5,5,5
Iteration 374,5,5,5,5,5,5,5,5,-5,-5,5,5,5,5,-5,-5,-5,5,5,5,5,5,-5,5,5,-5,5,-5,5,5,5,5,5,5,5,5
Iteration 375,5,5,5,5,5,5,5,5,5,-5,-5,5,5,5,5,-5,5,5,5,5,-5,-5,5,5,5,-5,5,-5,5,5,5,5,5,5,5,5
Iteration 376,5,5,5,5,5,5,5,5,-5,-5,5,5,5,5,5,-5,-5,5,5,5,-5,-5,5,5,5,5,5,-5,5,5,5,-5,5,5,5,5
Iteration 377,5,5,5,5,5,5,5,5,-5,-5,5,5,5,5,5,-5,5,5,5,5,-5,-5,5,5,5,5,5,5,5,5,5,5,5,5,5,5
Iteration 378,5,5,5,5,5,5,5,5,5,-5,5,5,5,5,-5,-5,5,5,5,5,5,5,5,5,5,-5,5,-5,5,5,5,5,5,5,5,5
Iteration 379,5,5,5,5,5,5,5,5,-5,-5,-5,5,5,5,-5,-5,5,5,5,-5,5,5,-5,5,5,-5,5,5,-5,5,5,5,5,5,5,5
Iteration 380,5,5,5,5,5,5,5,-5,5,-5,5,5,5,5,5,5,5,5,5,5,-5,-5,5,5,5,-5,5,5,5,5,5,5,5,5,5,5
Iteration 381,5,5,5,5,5,5,5,-5,-5,-5,-5,5,5,5,5,-5,5,5,5,5,5,-5,-5,5,5,-5,5,5,-5,5,5,5,5,5,5,5
Iteration 382,5,5,5,5,5,5,5,5,-5,-5,5,5,5,5,5,-5,5,5,5,5,5,-5,5,5,5,5,5,-5,5,5,5,5,-5,5,5,5
Iteration 383,5,5,5,5,5,5,5,-5,-5,-5,5,5,5,5,-5,-5,5,5,5,5,5,5,5,5,5,-5,5,-5,5,5,5,5,5,5,5,5
Iteration 384,5,5,5,5,5,5,5,5,-5,-5,5,5,5,5,5,-5,5,5,5,5,-5,-5,-5,5,5,-5,-5,-5,-5,5,5,5,5,5,5,5
Iteration 385,5,5,5,5,5,5,5,-5,-5,-5,5,5,5,5,-5,-5,5,5,5,5,-5,-5,5,5,5,-5,-5,-5,5,5,5,5,5,5,5,5
Iteration 386,5,5,5,5,5,5,5,5,5,-5,-5,5,5,5,5,-5,5,5,5,5,5,-5,-5,5,5,-5,5,-5,-5,5,5,5,5,5,5,5
Iteration 387,5,5,5,5,5,5,5,-5,-5,-5,5,5,5,5,-5,-5,-5,5,5,5,5,5,-5,5,5,-5,-5,-5,-5,5,5,5,5,5,5,5
Iteration 388,5,5,5,5,5,5,5,5,5,-5,-5,5,5,5,5,5,-5,5,-5,5,-5,-5,5,5,5,-5,-5,-5,5,5,5,5,5,5,5,5
Iteration 389,5,5,5,5,5,5,5,5,-5,-5,-5,5,5,5,-5,-5,5,5,5,5,5,5,5,5,5,-5,-5,-5,5,5,5,5,5,5,5,5
Iteration 390,5,5,5,5,5,5,5,5,5,-5,-5,5,5,5,-5,-5,5,5,5,-5,5,5,-5,5,5,-5,-5,-5,-5,5,5,5,5,5,5,5
Iteration 391,5,5,5,5,5,5,5,5,-5,-5,5,5,5,5,-5,-5,5,5,5,5,5,-5,5,5,5,-5,5,-5,5,5,5,5,5,5,5,5
Iteration 392,5,5,5,5,5,5,5,5,-5,-5,5,5,5,5,-5,-5,5,5,5,5,5,-5,5,5,5,-5,-5,-5,-5,5,5,5,5,5,5,5
Iteration 393,5,5,5,5,5,5,5,5,-5,-5,5,5,5,5,-5,-5,5,5,5,5,5,5,-5,5,5,-5,-5,5,-5,5,5,5,5,5,5,5
Iteration 394,5,5,5,5,5,5,5,5,-5,-5,5,5,5,5,-5,-5,5,5,5,5,5,5,-5,5,5,-5,5,5,-5,5,5,5,5,5,5,5
Iteration 395,5,5,5,5,5,5,5,5,-5,-5,-5,5,5,5,-5,-5,5,5,5,5,5,-5,-5,5,5,-5,-5,-5,-5,5,5,5,5,5,5,5
Iteration 396,5,5,5,5,5,5,5,5,-5,-5,5,5,5,5,-5,-5,5,5,5,5,5,5,-5,5,5,-5,-5,-5,5,5,5,5,5,5,5,5
Iteration 397,5,5,5,5,5,5,5,5,5,-5,5,5,5,5,-5,-5,5,5,5,5,5,5,5,5,5,-5,-5,-5,5,5,5,5,5,5,5,5
Iteration 398,5,5,5,5,5,5,5,5,-5,-5,5,5,5,5,-5,-5,5,5,5,5,5,-5,5,5,5,5,-5,-5,5,5,5,5,5,5,5,5
Iteration 399,5,5,5,5,5,5,5,5,-5,-5,5,5,5,5,5,-5,5,5,5,5,5,5,-5,5,5,-5,-5,-5,5,5,5,5,5,5,5,5
Iteration 400,5,5,5,5,5,5,5,5,5,-5,5,5,5,5,-5,-5,5,5,5,5,5,-5,5,5,5,-5,-5,-5,5,5,5,5,5,5,5,5
Iteration 401,5,5,5,5,5,5,5,5,-5,-5,5,5,5,5,5,-5,5,5,5,5,5,5,5,5,5,-5,-5,-5,5,5,5,5,5,5,5,5
Iteration 402,5,5,5,5,5,5,5,5,-5,-5,5,5,5,5,-5,-5,5,5,5,5,-5,-5,5,5,5,-5,-5,-5,5,5,5,5,5,5,5,5
Iteration 403,5,5,5,5,5,5,5,5,-5,-5,-5,5,5,5,-5,-5,5,5,5,5,-5,-5,5,5,5,-5,5,5,-5,5,5,5,5,5,5,5
Iteration 404,5,5,5,5,5,5,5,-5,-5,-5,5,5,5,5,5,-5,-5,5,5,-5,-5,-5,5,5,5,5,5,5,-5,5,5,5,5,5,5,5
Iteration 405,5,5,5,5,5,5,5,5,-5,-5,5,5,5,5,-5,-5,5,5,5,5,-5,-5,5,5,5,5,5,-5,5,5,5,5,5,5,5,5
Iteration 406,5,5,5,5,5,5,5,-5,-5,5,5,5,5,5,-5,-5,5,5,5,5,5,5,-5,5,5,5,-5,5,-5,5,5,5,5,5,5,5
Iteration 407,5,5,5,5,5,5,5,5,5,-5,5,5,5,5,-5,-5,5,5,5,5,5,5,5,5,5,-5,-5,-5,5,5,5,5,5,5,5,5
Iteration 408,5,5,5,5,5,5,5,-5,-5,-5,-5,5,5,5,-5,-5,5,5,5,5,-5,-5,5,5,5,-5,-5,-5,5,5,5,5,5,5,5,5
Iteration 409,5,5,5,5,5,5,5,5,-5,-5,5,5,5,5,5,-5,5,5,5,5,5,5,-5,5,5,-5,5,5,-5,5,5,5,5,5,5,5
Iteration 410,5,5,5,5,5,5,5,5,-5,-5,5,5,5,5,5,-5,5,5,5,5,5,5,5,5,5,-5,-5,-5,5,5,5,5,5,5,5,5
Iteration 411,5,5,5,5,5,5,5,5,-5,-5,-5,5,5,5,5,-5,-5,5,5,5,5,-5,5,5,5,-5,-5,-5,5,5,5,5,5,5,5,5
Iteration 412,5,5,5,5,5,5,5,5,-5,-5,5,5,5,5,-5,-5,5,5,5,5,-5,-5,5,5,5,-5,-5,-5,-5,5,5,5,5,5,5,5
Iteration 413,5,5,5,5,5,5,5,5,-5,-5,5,5,5,5,-5,-5,5,5,5,5,5,5,-5,5,5,-5,-5,-5,5,5,5,5,5,5,5,5
Iteration 414,5,5,5,5,5,5,5,5,-5,-5,-5,5,5,5,5,-5,5,5,5,5,5,-5,5,5,5,-5,-5,-5,-5,5,5,5,5,5,5,5
Iteration 415,5,5,5,5,5,5,5,-5,-5,-5,5,5,5,5,-5,-5,5,5,5,-5,5,5,-5,5,5,5,5,-5,5,5,5,-5,5,5,5,5
Iteration 416,5,5,5,5,5,5,5,-5,-5,-5,5,5,5,5,-5,-5,5,5,5,5,-5,-5,-5,5,5,5,-5,-5,-5,5,5,5,5,5,5,5
Iteration 417,5,5,5,5,5,5,5,5,-5,-5,5,5,5,5,-5,-5,5,5,5,5,-5,-5,5,5,5,5,-5,-5,-5,5,5,5,5,5,5,5
Iteration 418,5,5,5,5,5,5,5,-5,-5,-5,-5,5,5,5,-5,-5,5,5,5,5,5,5,5,5,5,5,5,5,-5,5,5,5,5,5,5,5
Iteration 419,5,5,5,5,5,5,5,-5,-5,5,5,5,5,-5,-5,-5,-5,5,5,5,5,5,-5,5,5,-5,-5,5,-5,5,5,5,5,5,5,5
Iteration 420,5,5,5,5,5,5,5,5,-5,-5,5,5,5,5,-5,-5,5,5,5,5,-5,-5,5,5,5,-5,-5,-5,5,5,5,5,5,5,5,5
Iteration 421,5,5,5,5,5,5,5,5,-5,-5,5,5,5,5,5,-5,5,5,5,5,-5,-5,5,5,5,-5,-5,-5,5,5,5,5,5,5,5,5
Iteration 422,5,5,5,5,5,5,5,5,5,-5,5,5,5,5,5,-5,5,5,5,5,5,5,-5,5,5,-5,-5,-5,5,5,5,5,5,5,5,5
Iteration 423,5,5,5,5,5,5,5,5,-5,-5,-5,5,5,5,5,-5,5,5,5,5,-5,-5,5,5,5,-5,-5,-5,5,5,5,5,5,5,5,5
Iteration 424,5,5,5,5,5,5,5,5,-5,-5,5,5,5,-5,5,-5,-5,5,5,5,-5,-5,-5,5,5,5,5,-5,5,5,5,5,-5,5,5,5
Iteration 425,5,5,5,5,5,5,5,5,-5,-5,5,5,5,5,-5,-5,5,5,5,5,-5,5,5,5,5,-5,5,-5,5,5,5,5,5,5,5,5
Iteration 426,5,5,5,5,5,5,5,5,-5,-5,-5,5,5,5,-5,-5,5,5,5,5,-5,-5,5,-5,5,-5,5,-5,5,5,5,5,5,5,5,5
Iteration 427,5,5,5,5,5,5,5,-5,-5,-5,5,5,5,5,5,-5,5,5,5,5,-5,-5,5,5,5,5,5,5,5,5,5,5,-5,5,5,5
Iteration 428,5,5,5,5,5,5,5,5,-5,-5,-5,5,5,5,5,-5,-5,5,5,5,5,-5,5,5,5,5,-5,-5,5,5,5,5,5,5,5,5
Iteration 429,5,5,5,5,5,5,5,5,-5,-5,5,5,5,5,5,-5,5,5,5,5,5,-5,5,5,5,-5,-5,-5,5,5,5,5,5,5,5,5
Iteration 430,5,5,5,5,5,5,5,-5,-5,-5,-5,5,5,5,-5,-5,5,5,5,5,5,5,-5,5,5,-5,-5,-5,-5,5,5,5,5,5,5,5
Iteration 431,5,5,5,5,5,5,5,-5,-5,-5,5,5,5,5,5,-5,5,5,5,5,-5,-5,5,5,5,5,5,5,5,5,5,5,5,5,5,5
Iteration 432,5,5,5,5,5,5,5,5,-5,-5,-5,5,5,5,-5,-5,5,5,5,5,5,-5,5,5,5,-5,-5,-5,5,5,5,5,5,5,5,5
Iteration 433,5,5,5,5,5,5,5,5,5,-5,-5,5,5,5,-5,-5,5,5,5,5,5,-5,5,5,5,-5,5,-5,5,5,5,5,5,5,5,5
Iteration 434,5,5,5,5,5,5,5,5,5,-5,5,5,5,5,5,-5,5,5,5,5,5,-5,5,5,5,-5,-5,-5,5,5,5,5,5,5,5,5
Iteration 435,5,5,5,5,5,5,5,5,-5,-5,5,5,5,5,-5,-5,5,5,5,5,5,-5,5,5,5,5,-5,-5,5,5,5,5,5,5,5,5
Iteration 436,5,5,5,5,5,5,5,5,-5,-5,-5,5,5,5,-5,-5,5,5,5,-5,5,-5,5,5,5,-5,-5,-5,5,5,5,5,5,5,5,5
Iteration 437,5,5,5,5,5,5,5,-5,-5,-5,5,5,5,5,-5,-5,5,5,5,5,5,-5,-5,5,5,5,-5,-5,-5,5,5,5,5,5,5,5
Iteration 438,5,5,5,5,5,5,5,5,-5,-5,5,5,5,5,5,-5,5,5,5,5,-5,-5,5,5,5,-5,5,-5,5,5,5,5,5,5,5,5
Iteration 439,5,5,5,5,5,5,5,5,5,-5,-5,5,5,5,5,-5,5,5,5,5,5,-5,5,5,5,-5,-5,-5,5,5,5,5,5,5,5,5
Iteration 440,5,5,5,5,5,5,5,5,-5,-5,-5,5,5,5,-5,-5,5,5,5,5,5,-5,5,5,5,-5,-5,-5,5,5,5,5,5,5,5,5
Iteration 441,5,5,5,5,5,5,5,-5,-5,5,5,5,5,5,-5,-5,5,5,5,5,5,-5,-5,5,5,5,-5,-5,-5,5,5,5,5,5,5,5
Iteration 442,5,5,5,5,5,5,5,5,-5,-5,5,5,5,5,5,-5,5,5,5,5,5,-5,5,5,5,5,5,-5,5,5,5,5,5,5,5,5
Iteration 443,5,5,5,5,5,5,5,-5,-5,-5,5,5,5,5,-5,-5,5,5,5,5,5,5,-5,5,5,5,5,-5,-5,5,5,5,5,5,5,5
Iteration 444,5,5,5,5,5,5,5,5,-5,-5,5,5,5,5,-5,-5,5,5,5,5,5,-5,5,5,5,5,-5,-5,-5,5,5,5,5,5,5,5
Iteration 445,5,5,5,5,5,5,5,-5,-5,-5,5,5,5,5,-5,-5,5,5,5,5,5,5,-5,5,5,5,-5,-5,5,5,5,5,5,5,5,5
Iteration 446,5,5,5,5,5,5,5,-5,-5,-5,5,5,5,5,-5,-5,5,5,5,5,-5,-5,5,5,5,5,-5,-5,-5,5,5,5,5,5,5,5
Iteration 447,5,5,5,5,5,5,5,5,-5,-5,5,5,5,5,-5,-5,5,5,5,5,5,5,-5,5,5,5,-5,-5,-5,5,5,5,5,5,5,5
Iteration 448,5,5,5,5,5,5,5,-5,-5,-5,-5,5,5,5,5,-5,5,5,5,5,-5,-5,5,5,5,-5,5,5,-5,5,5,5,5,5,5,5
Iteration 449,5,5,5,5,5,5,5,-5,-5,-5,5,5,5,5,-5,-5,5,5,5,5,5,-5,-5,5,5,-5,5,5,-5,5,5,5,5,5,5,5
Iteration 450,5,5,5,5,5,5,5,5,5,-5,5,5,5,5,5,-5,5,5,5,5,5,5,5,5,5,5,5,-5,5,5,5,5,5,5,5,5
Iteration 451,5,5,5,5,5,5,5,-5,-5,-5,5,5,5,5,-5,-5,5,5,5,5,5,5,-5,5,5,5,-5,-5,-5,5,5,5,5,5,5,5
Iteration 452,5,5,5,5,5,5,5,-5,-5,-5,5,5,5,5,-5,-5,5,5,5,5,5,5,-5,5,5,5,-5,-5,-5,5,5,5,5,5,5,5
Iteration 453,5,5,5,5,5,5,5,-5,-5,-5,5,5,5,5,-5,-5,5,5,5,5,-5,-5,-5,5,5,-5,-5,-5,-5,5,5,5,5,5,5,5
Iteration 454,5,5,5,5,5,5,5,-5,-5,-5,5,5,5,5,-5,-5,5,5,5,5,5,5,-5,5,5,-5,-5,-5,-5,5,5,5,5,5,5,5
Iteration 455,5,5,5,5,5,5,5,-5,-5,-5,5,5,5,5,-5,-5,5,5,5,5,5,5,-5,5,5,-5,-5,-5,5,5,5,5,5,5,5,5
Iteration 456,5,5,5,5,5,5,5,5,-5,-5,5,5,5,5,-5,-5,5,5,5,5,5,5,-5,5,5,5,-5,-5,5,5,5,5,5,5,5,5
Iteration 457,5,5,5,5,5,5,5,5,-5,-5,5,5,5,5,-5,-5,5,5,5,5,5,5,-5,5,5,-5,-5,-5,-5,5,5,5,5,5,5,5
Iteration 458,5,5,5,5,5,5,5,5,-5,-5,-5,5,5,5,5,-5,5,5,5,5,5,5,-5,5,5,5,-5,-5,5,5,5,5,5,5,5,5
Iteration 459,5,5,5,5,5,5,5,5,-5,-5,-5,5,5,5,-5,-5,5,5,5,5,-5,5,5,5,5,-5,5,-5,5,5,5,5,5,5,5,5
Iteration 460,5,5,5,5,5,5,5,5,-5,-5,5,5,5,5,5,-5,5,5,5,5,-5,5,5,5,5,5,5,-5,5,5,5,5,5,5,5,5
Iteration 461,5,5,5,5,5,5,5,5,-5,-5,5,5,5,5,-5,5,5,5,5,5,5,-5,5,5,5,5,-5,-5,5,5,5,5,5,5,5,5
Iteration 462,5,5,5,5,5,5,5,5,-5,-5,-5,5,5,5,-5,-5,5,5,5,5,5,-5,5,5,5,5,-5,-5,5,5,5,5,5,5,5,5
Iteration 463,5,5,5,5,5,5,5,-5,-5,-5,5,5,5,5,-5,-5,5,5,5,5,5,5,-5,5,5,-5,-5,-5,-5,5,5,5,5,5,5,5
Iteration 464,5,5,5,5,5,5,5,-5,-5,-5,5,5,5,-5,-5,-5,-5,5,5,5,5,5,-5,5,5,5,-5,-5,-5,5,5,5,5,5,5,5
Iteration 465,5,5,5,5,5,5,5,-5,-5,-5,5,5,5,5,5,-5,-5,5,5,5,-5,-5,-5,5,5,-5,5,5,-5,5,5,5,5,5,5,5
Iteration 466,5,5,5,5,5,5,5,-5,-5,-5,-5,5,5,5,5,-5,5,5,5,5,5,-5,5,5,5,5,5,-5,-5,5,5,5,5,5,5,5
Iteration 467,5,5,5,5,5,5,5,-5,-5,-5,-5,5,5,5,5,-5,5,5,5,5,-5,5,5,5,5,5,5,-5,5,5,5,5,5,5,5,5
Iteration 468,5,5,5,5,5,5,5,5,-5,-5,-5,5,5,5,-5,-5,5,5,5,5,5,-5,5,5,5,-5,5,-5,5,5,5,5,5,5,5,5
Iteration 469,5,5,5,5,5,5,5,5,-5,-5,5,5,5,5,5,-5,5,5,5,5,5,-5,5,5,5,5,-5,-5,5,5,5,5,5,5,5,5
Iteration 470,5,5,5,5,5,5,5,5,-5,-5,5,5,5,5,5,-5,-5,5,5,5,-5,5,-5,5,5,-5,-5,-5,-5,5,5,5,5,5,5,5
Iteration 471,5,5,5,5,5,5,5,-5,-5,-5,5,5,5,5,5,5,-5,5,5,5,-5,-5,5,5,5,5,-5,-5,5,5,5,5,-5,-5,5,5
Iteration 472,5,5,5,5,5,5,5,-5,-5,-5,5,5,5,5,5,-5,-5,5,5,5,-5,5,-5,5,5,-5,-5,-5,-5,5,5,5,5,5,5,5
Iteration 473,5,5,5,5,5,5,5,5,5,-5,-5,5,5,5,-5,5,-5,5,5,5,-5,-5,5,5,5,-5,-5,-5,5,5,5,5,5,5,5,5
Iteration 474,5,5,5,5,5,5,5,-5,-5,-5,5,5,5,5,5,5,-5,5,5,5,-5,-5,5,5,5,5,5,5,-5,5,5,5,5,5,5,5
Iteration 475,5,5,5,5,5,5,5,5,-5,-5,5,5,5,5,-5,-5,5,5,5,5,5,5,5,5,5,-5,-5,-5,5,5,5,5,5,5,5,5
Iteration 476,5,5,5,5,5,5,5,-5,-5,-5,5,5,5,5,5,5,5,5,5,5,-5,-5,5,5,5,5,5,5,-5,5,5,5,5,5,5,5
Iteration 477,5,5,5,5,5,5,5,-5,5,5,5,5,5,5,-5,-5,5,5,5,5,5,5,5,5,5,5,-5,-5,5,5,5,5,5,5,5,5
Iteration 478,5,5,5,5,5,5,5,-5,5,-5,5,5,5,-5,5,-5,-5,5,5,5,5,-5,-5,5,5,-5,-5,5,-5,5,5,5,5,5,5,5
Iteration 479,5,5,5,5,5,5,5,-5,-5,-5,5,5,5,5,5,-5,5,5,5,5,-5,-5,5,5,5,5,-5,5,-5,5,5,5,5,-5,5,5
Iteration 480,5,5,5,5,5,5,5,-5,-5,-5,5,5,5,5,5,-5,5,5,5,5,5,-5,5,5,5,5,5,5,-5,5,5,5,-5,-5,5,5
Iteration 481,5,5,5,5,5,5,5,-5,-5,-5,5,5,5,5,-5,-5,5,5,5,5,-5,-5,-5,5,5,5,-5,-5,-5,5,5,5,5,5,5,5
Iteration 482,5,5,5,5,5,5,5,-5,-5,-5,5,5,5,5,-5,-5,5,5,5,-5,-5,-5,5,5,5,5,-5,-5,-5,5,5,5,5,5,5,5
Iteration 483,5,5,5,5,5,5,5,-5,-5,-5,5,5,5,5,5,-5,-5,5,5,5,-5,-5,-5,5,-5,-5,-5,-5,-5,5,5,5,5,5,5,5
Iteration 484,5,5,5,5,5,5,5,-5,-5,-5,5,5,5,5,5,-5,5,5,5,5,-5,-5,-5,5,5,5,5,5,-5,5,5,5,5,5,5,5
Iteration 485,5,5,5,5,5,5,5,-5,-5,-5,5,5,5,5,5,-5,-5,5,5,5,-5,5,-5,5,5,-5,5,5,-5,5,5,5,5,5,5,5
Iteration 486,5,5,5,5,5,5,5,-5,5,-5,5,5,5,5,5,-5,5,5,5,5,-5,-5,5,5,5,5,5,5,-5,5,5,5,5,5,5,5
Iteration 487,5,5,5,5,5,5,5,5,-5,-5,-5,5,5,5,-5,-5,5,5,5,5,5,-5,5,5,5,-5,-5,-5,5,5,5,5,5,5,5,5
Iteration 488,5,5,5,5,5,5,5,5,-5,5,-5,5,5,5,5,-5,-5,5,5,5,-5,-5,5,5,5,-5,5,-5,5,5,5,5,5,5,5,5
Iteration 489,5,5,5,5,5,5,5,-5,-5,-5,5,5,5,5,5,-5,5,5,5,5,-5,5,-5,5,5,5,5,-5,-5,5,5,5,5,5,5,5
Iteration 490,5,5,5,5,5,5,5,5,-5,-5,5,5,5,5,-5,-5,5,5,5,5,-5,-5,5,5,5,-5,5,-5,5,5,5,5,5,5,5,5
Iteration 491,5,5,5,5,5,5,5,5,-5,-5,5,5,5,5,-5,-5,5,5,5,5,5,-5,5,5,5,5,-5,-5,5,5,5,5,5,5,5,5
Iteration 492,5,5,5,5,5,5,5,5,-5,-5,5,5,5,5,-5,-5,-5,5,5,5,-5,-5,5,5,5,-5,-5,-5,5,5,5,5,5,5,5,5
Iteration 493,5,5,5,5,5,5,5,5,-5,-5,-5,5,5,5,-5,-5,-5,5,5,5,-5,-5,5,5,5,-5,-5,-5,5,5,5,5,5,5,5,5
Iteration 494,5,5,5,5,5,5,5,5,-5,-5,-5,5,5,5,5,-5,-5,5,5,5,-5,-5,5,5,5,-5,5,-5,5,5,5,5,5,5,5,5
Iteration 495,5,5,5,5,5,5,5,5,-5,-5,5,5,5,5,5,-5,5,5,5,5,-5,-5,5,5,5,-5,-5,-5,5,5,5,5,5,5,5,5
Iteration 496,5,5,5,5,5,5,5,5,-5,-5,-5,5,5,5,-5,-5,5,5,5,5,-5,-5,5,5,5,-5,-5,-5,5,5,5,5,5,5,5,5
Iteration 497,5,5,5,5,5,5,5,5,-5,-5,5,5,5,5,5,-5,5,5,5,5,5,-5,5,5,5,5,-5,-5,5,5,5,5,5,5,5,5
Iteration 498,5,5,5,5,5,5,5,5,-5,-5,-5,5,5,5,5,5,-5,5,5,5,-5,-5,5,5,5,-5,5,-5,5,5,5,5,5,5,5,5
Iteration 499,5,5,5,5,5,5,5,5,-5,-5,-5,5,5,5,5,5,-5,5,5,5,-5,-5,5,5,5,-5,-5,-5,5,5,5,5,5,5,5,5
Iteration 500,5,5,5,5,5,5,5,5,-5,-5,5,5,5,5,-5,-5,5,5,5,5,5,-5,5,5,5,-5,-5,-5,5,5,5,5,5,5,5,5
Iteration 501,5,5,5,5,5,5,5,5,5,-5,-5,5,5,5,-5,-5,5,5,5,5,-5,-5,5,5,5,5,-5,-5,5,5,5,5,5,5,5,5
Iteration 502,5,5,5,5,5,5,5,-5,-5,-5,5,5,5,5,5,-5,5,5,5,5,-5,-5,5,5,5,5,5,5,-5,5,5,5,5,-5,5,5
Iteration 503,5,5,5,5,5,5,5,-5,-5,-5,5,5,5,5,-5,-5,5,5,5,5,5,5,-5,5,5,5,5,5,-5,5,5,5,5,5,5,5
Iteration 504,5,5,5,5,5,5,5,5,-5,-5,-5,5,5,5,-5,-5,5,5,5,5,-5,-5,5,5,5,-5,5,-5,5,5,5,5,5,5,5,5
Iteration 505,5,5,5,5,5,5,5,-5,-5,-5,5,5,5,5,-5,-5,5,5,5,5,-5,-5,5,5,5,-5,5,-5,-5,5,5,5,5,5,5,5
Iteration 506,5,5,5,5,5,5,5,5,-5,-5,-5,5,5,5,5,5,-5,5,5,5,-5,-5,5,5,5,-5,-5,-5,5,5,5,5,5,5,5,5
Iteration 507,5,5,5,5,5,5,5,-5,-5,-5,-5,5,5,5,5,5,-5,5,5,5,-5,-5,-5,5,5,-5,-5,-5,5,5,5,5,5,5,5,5
Iteration 508,5,5,5,5,5,5,5,5,-5,5,-5,5,5,5,-5,-5,5,5,5,5,5,-5,5,5,5,-5,-5,-5,5,5,5,5,5,5,5,5
Iteration 509,5,5,5,5,5,5,5,5,-5,-5,5,5,5,5,5,-5,5,5,5,5,-5,-5,5,5,5,5,5,-5,5,5,5,5,-5,5,5,5
Iteration 510,5,5,5,5,5,5,5,5,-5,-5,5,5,5,5,-5,-5,5,5,5,5,5,5,-5,5,5,-5,-5,-5,-5,5,5,5,5,5,5,5
Iteration 511,5,5,5,5,5,5,5,5,-5,-5,-5,5,5,-5,-5,-5,-5,5,5,5,5,5,-5,5,5,-5,-5,-5,-5,5,5,5,5,5,5,5
Iteration 512,5,5,5,5,5,5,5,5,-5,-5,5,5,5,5,-5,-5,5,5,5,5,5,-5,5,5,5,5,5,-5,5,5,5,5,5,5,5,5
Iteration 513,5,5,5,5,5,5,5,5,-5,-5,-5,5,5,5,-5,-5,5,5,5,5,5,5,-5,5,5,-5,-5,-5,5,5,5,5,5,5,5,5
Iteration 514,5,5,5,5,5,5,5,5,5,-5,5,5,5,5,-5,-5,5,5,5,5,5,-5,5,5,5,-5,5,-5,5,5,5,5,5,5,5,5
Iteration 515,5,5,5,5,5,5,5,-5,-5,-5,5,5,5,5,5,-5,5,5,5,5,5,-5,5,5,5,5,5,-5,-5,5,5,5,5,5,5,5
Iteration 516,5,5,5,5,5,5,5,5,-5,-5,5,5,5,5,5,-5,5,5,5,5,-5,-5,-5,5,5,-5,-5,-5,5,5,5,5,5,5,5,5
Iteration 517,5,5,5,5,5,5,5,5,-5,-5,5,5,5,5,-5,-5,-5,5,-5,5,5,5,-5,5,5,-5,-5,-5,5,5,5,5,5,5,5,5
Iteration 518,5,5,5,5,5,5,5,5,-5,-5,-5,5,5,5,-5,-5,5,5,5,5,5,5,-5,5,5,-5,-5,-5,5,5,5,5,5,5,5,5
Iteration 519,5,5,5,5,5,5,5,5,-5,-5,5,5,5,5,-5,-5,5,5,5,5,5,-5,5,5,5,5,-5,-5,5,5,5,5,5,5,5,5
Iteration 520,5,5,5,5,5,5,5,5,-5,-5,5,5,5,5,5,-5,5,5,5,5,-5,-5,5,5,5,5,-5,-5,5,5,5,5,5,5,5,5
Iteration 521,5,5,5,5,5,5,5,5,-5,-5,5,5,5,5,-5,-5,5,5,5,5,-5,-5,5,5,5,5,5,-5,5,5,5,5,5,5,5,5
Iteration 522,5,5,5,5,5,5,5,5,-5,-5,-5,5,5,5,-5,-5,5,5,5,5,5,5,-5,5,5,-5,-5,-5,5,5,5,5,5,5,5,5
Iteration 523,5,5,5,5,5,5,5,-5,-5,-5,5,5,5,5,-5,-5,5,5,5,5,-5,-5,5,5,5,-5,-5,-5,5,5,5,5,5,5,5,5
Iteration 524,5,5,5,5,5,5,5,5,5,5,5,5,5,5,-5,-5,-5,5,5,5,5,5,-5,5,5,5,5,5,5,5,5,5,5,5,5,5
Iteration 525,5,5,5,5,5,5,5,-5,-5,-5,-5,5,5,5,-5,-5,-5,5,5,5,5,5,-5,5,5,-5,-5,-5,5,5,5,5,5,5,5,5
Iteration 526,5,5,5,5,5,5,5,5,-5,-5,-5,5,5,5,-5,-5,-5,5,5,5,-5,5,5,5,5,5,-5,-5,5,5,5,5,5,5,5,5
Iteration 527,5,5,5,5,5,5,5,5,-5,-5,5,5,5,5,-5,-5,-5,5,5,5,-5,-5,-5,5,5,5,-5,-5,5,5,5,5,5,5,5,5
Iteration 528,5,5,5,5,5,5,5,-5,-5,-5,5,5,5,5,-5,-5,5,5,5,5,5,5,-5,5,-5,-5,-5,-5,5,5,5,5,5,5,5,5
Iteration 529,5,5,5,5,5,5,5,-5,-5,-5,5,5,5,5,5,-5,5,5,5,5,5,-5,5,5,5,5,5,-5,5,5,5,5,5,5,5,5
Iteration 530,5,5,5,5,5,5,5,-5,-5,5,-5,5,5,5,-5,-5,5,5,5,5,5,5,-5,5,5,-5,5,-5,5,5,5,5,5,5,5,5
Iteration 531,5,5,5,5,5,5,5,-5,-5,-5,5,5,5,5,-5,-5,5,5,5,5,-5,5,-5,5,5,-5,-5,-5,5,5,5,5,5,5,5,5
Iteration 532,5,5,5,5,5,5,5,5,-5,-5,5,5,5,-5,5,-5,5,5,5,5,-5,-5,-5,5,5,5,5,5,5,5,5,5,5,-5,5,5
Iteration 533,5,5,5,5,5,5,5,5,-5,-5,-5,5,5,5,5,-5,5,5,5,5,-5,5,-5,5,5,-5,-5,-5,-5,5,5,5,5,5,5,5
Iteration 534,5,5,5,5,5,5,5,-5,-5,-5,5,5,5,5,-5,-5,5,5,5,5,-5,-5,-5,5,5,5,5,5,-5,5,5,5,5,5,5,5
Iteration 535,5,5,5,5,5,5,5,5,-5,-5,5,5,5,5,-5,-5,5,5,5,5,5,5,-5,5,5,-5,-5,-5,5,5,5,5,5,5,5,5
Iteration 536,5,5,5,5,5,5,5,5,5,-5,5,5,5,5,5,-5,5,5,5,5,-5,-5,5,5,5,-5,-5,-5,5,5,5,5,5,5,5,5
Iteration 537,5,5,5,5,5,5,5,5,-5,-5,5,5,5,5,-5,-5,5,5,5,5,-5,-5,-5,5,5,-5,-5,-5,-5,5,5,5,5,5,5,5
Iteration 538,5,5,5,5,5,5,5,5,5,-5,5,5,5,5,-5,-5,5,5,5,5,-5,5,5,5,5,5,-5,-5,5,5,5,5,5,5,5,5
Iteration 539,5,5,5,5,5,5,5,5,-5,-5,5,5,5,5,-5,-5,5,5,5,5,5,-5,-5,5,5,5,-5,-5,5,5,5,5,5,5,5,5
Iteration 540,5,5,5,5,5,5,5,5,-5,-5,5,5,5,5,-5,-5,5,5,5,5,5,-5,5,5,5,5,5,-5,5,5,5,5,5,5,5,5
Iteration 541,5,5,5,5,5,5,5,5,-5,-5,-5,5,5,5,-5,-5,5,5,5,5,-5,-5,5,5,5,-5,-5,-5,5,5,5,5,5,5,5,5
Iteration 542,5,5,5,5,5,5,5,-5,-5,-5,5,5,5,5,-5,-5,5,5,5,5,-5,-5,5,5,5,5,5,5,5,5,5,5,5,5,5,5
Iteration 543,5,5,5,5,5,5,5,-5,-5,-5,5,5,5,5,-5,-5,5,5,5,5,5,-5,-5,5,5,5,-5,-5,-5,5,5,5,5,5,5,5
Iteration 544,5,5,5,5,5,5,5,-5,-5,-5,-5,5,5,5,5,-5,-5,5,5,5,5,-5,-5,5,5,-5,-5,-5,-5,5,5,5,5,5,5,5
Iteration 545,5,5,5,5,5,5,5,5,-5,-5,5,5,5,5,-5,-5,5,5,5,5,5,-5,5,5,5,-5,-5,-5,-5,5,5,5,5,5,5,5
Iteration 546,5,5,5,5,5,5,5,-5,-5,-5,5,5,5,5,-5,-5,5,5,5,5,5,5,-5,5,5,-5,-5,-5,5,5,5,5,5,5,5,5
Iteration 547,5,5,5,5,5,5,5,5,-5,-5,5,5,5,5,-5,-5,5,5,5,5,-5,-5,-5,5,5,-5,-5,-5,5,5,5,5,5,5,5,5
Iteration 548,5,5,5,5,5,5,5,5,-5,-5,5,5,5,5,-5,-5,5,5,5,5,-5,-5,5,5,5,-5,-5,-5,5,5,5,5,5,5,5,5
Iteration 549,5,5,5,5,5,5,5,5,-5,-5,5,5,5,5,-5,-5,5,5,5,5,-5,5,-5,5,5,-5,-5,-5,5,5,5,5,5,5,5,5
Iteration 550,5,5,5,5,5,5,5,5,-5,-5,5,5,5,5,-5,-5,5,5,5,5,5,-5,5,5,5,-5,-5,-5,5,5,5,5,5,5,5,5
Iteration 551,5,5,5,5,5,5,5,5,-5,-5,-5,5,5,5,-5,-5,5,5,5,5,-5,-5,5,5,5,-5,5,-5,-5,5,5,5,5,5,5,5
Iteration 552,5,5,5,5,5,5,5,-5,-5,-5,-5,5,5,5,-5,-5,-5,5,5,5,5,5,-5,5,5,-5,-5,-5,5,5,5,5,5,5,5,5
Iteration 553,5,5,5,5,5,5,5,5,-5,-5,-5,5,5,5,-5,-5,-5,5,5,-5,-5,5,-5,5,5,-5,-5,-5,5,5,5,5,5,5,5,5
Iteration 554,5,5,5,5,5,5,5,5,5,-5,5,5,5,5,-5,-5,5,5,5,5,5,5,5,5,5,5,5,-5,5,5,5,5,5,5,5,5
Iteration 555,5,5,5,5,5,5,5,5,-5,-5,-5,5,5,5,-5,-5,-5,5,5,5,5,5,-5,5,5,-5,-5,-5,5,5,5,5,5,5,5,5
Iteration 556,5,5,5,5,5,5,5,5,-5,-5,-5,5,5,5,-5,-5,5,5,5,5,-5,-5,5,5,5,-5,-5,-5,5,5,5,5,5,5,5,5
Iteration 557,5,5,5,5,5,5,5,5,-5,-5,-5,5,5,5,-5,-5,5,5,5,5,5,-5,5,5,5,-5,-5,-5,5,5,5,5,5,5,5,5
Iteration 558,5,5,5,5,5,5,5,5,-5,-5,-5,5,5,5,-5,-5,-5,5,5,5,5,5,-5,5,5,-5,-5,-5,5,5,5,5,5,5,5,5
Iteration 559,5,5,5,5,5,5,5,-5,-5,-5,5,5,5,5,5,-5,5,5,5,5,-5,-5,5,5,5,5,5,5,5,5,5,5,5,5,5,5
Iteration 560,5,5,5,5,5,5,5,-5,-5,-5,5,5,5,5,-5,-5,5,5,5,5,-5,-5,5,5,5,5,-5,-5,5,5,5,5,5,5,5,5
Iteration 561,5,5,5,5,5,5,5,5,-5,-5,-5,5,5,5,-5,-5,-5,5,5,5,5,5,-5,5,-5,-5,-5,-5,5,5,5,5,5,5,5,5
Iteration 562,5,5,5,5,5,5,5,5,5,-5,-5,5,5,5,-5,-5,-5,5,5,5,5,-5,5,5,5,-5,-5,-5,5,5,5,5,5,5,5,5
Iteration 563,5,5,5,5,5,5,5,5,-5,-5,5,5,5,5,5,-5,5,5,5,5,-5,5,5,5,5,5,5,-5,5,5,5,5,5,5,5,5
Iteration 564,5,5,5,5,5,5,5,5,-5,-5,-5,5,5,5,-5,-5,-5,5,5,5,5,5,-5,5,5,-5,-5,-5,5,5,5,5,5,5,5,5
Iteration 565,5,5,5,5,5,5,5,5,5,-5,-5,5,5,5,-5,-5,-5,5,5,5,5,5,-5,5,5,-5,-5,-5,5,5,5,5,5,5,5,5
Iteration 566,5,5,5,5,5,5,5,5,5,-5,5,5,5,5,5,-5,5,5,5,5,5,5,5,5,5,5,-5,-5,5,5,5,5,5,5,5,5
Iteration 567,5,5,5,5,5,5,5,-5,-5,-5,5,5,5,5,-5,-5,5,5,5,-5,5,5,-5,5,5,5,-5,5,-5,5,5,5,5,5,5,5
Iteration 568,5,5,5,5,5,5,5,5,-5,-5,-5,5,5,5,-5,-5,-5,5,5,5,5,5,-5,5,5,-5,-5,-5,5,5,5,5,5,5,5,5
Iteration 569,5,5,5,5,5,5,5,5,5,-5,5,5,5,5,5,-5,5,5,5,5,-5,-5,5,5,5,-5,5,-5,5,5,5,5,5,5,5,5
Iteration 570,5,5,5,5,5,5,5,5,-5,-5,5,5,5,5,-5,-5,-5,5,5,5,5,5,-5,5,5,-5,-5,-5,5,5,5,5,5,5,5,5
Iteration 571,5,5,5,5,5,5,5,5,-5,-5,-5,5,5,5,-5,-5,-5,5,5,-5,-5,5,-5,5,5,-5,-5,-5,5,5,5,5,5,5,5,5
Iteration 572,5,5,5,5,5,5,5,5,5,-5,-5,5,5,5,-5,-5,-5,5,5,5,5,-5,-5,5,-5,-5,-5,-5,5,5,5,5,5,5,5,5
Iteration 573,5,5,5,5,5,5,5,-5,-5,-5,5,5,5,5,5,-5,5,5,5,5,-5,-5,5,5,5,5,5,5,5,5,5,5,-5,-5,5,5
Iteration 574,5,5,5,5,5,5,5,-5,-5,-5,5,5,5,5,-5,-5,5,5,5,5,-5,-5,-5,5,5,5,-5,-5,5,5,5,5,5,5,5,5
Iteration 575,5,5,5,5,5,5,5,5,-5,-5,-5,5,5,5,-5,-5,-5,5,5,5,-5,-5,-5,5,-5,-5,-5,-5,5,5,5,5,5,5,5,5
Iteration 576,5,5,5,5,5,5,5,-5,-5,5,5,5,5,-5,-5,-5,5,5,5,5,-5,-5,-5,5,5,5,-5,5,-5,5,5,5,5,5,5,5
Iteration 577,5,5,5,5,5,5,5,5,-5,-5,5,5,5,5,-5,-5,5,5,5,5,-5,-5,5,5,5,5,-5,5,5,5,5,5,5,5,5,5
Iteration 578,5,5,5,5,5,5,5,5,5,-5,-5,5,5,5,-5,-5,5,5,5,5,5,5,5,5,5,-5,5,5,5,5,5,5,5,5,5,5
Iteration 579,5,5,5,5,5,5,5,-5,-5,5,5,5,5,5,-5,-5,-5,5,5,5,5,5,-5,5,5,5,-5,-5,-5,5,5,5,5,5,5,5
Iteration 580,5,5,5,5,5,5,5,5,-5,-5,-5,5,5,5,-5,-5,-5,5,5,5,-5,-5,-5,5,5,-5,5,-5,5,5,5,5,5,5,5,5
Iteration 581,5,5,5,5,5,5,5,5,-5,-5,5,5,5,5,-5,-5,5,5,5,5,-5,-5,5,5,5,5,-5,-5,5,5,5,5,5,5,5,5
Iteration 582,5,5,5,5,5,5,5,5,5,-5,-5,5,5,5,-5,-5,5,5,5,5,-5,-5,5,5,5,-5,5,-5,5,5,5,5,5,5,5,5
Iteration 583,5,5,5,5,5,5,5,-5,-5,5,5,5,5,5,-5,-5,5,5,5,5,5,5,-5,5,5,5,-5,5,-5,5,5,5,5,5,5,5
Iteration 584,5,5,5,5,5,5,5,5,5,-5,-5,5,5,5,5,-5,5,5,5,5,-5,5,5,5,5,-5,-5,-5,5,5,5,5,5,5,5,5
Iteration 585,5,5,5,5,5,5,5,5,-5,-5,5,5,5,-5,-5,5,5,5,5,5,-5,-5,5,5,5,5,5,-5,5,5,5,5,5,5,5,5
Iteration 586,5,5,5,5,5,5,5,5,5,-5,-5,5,5,5,-5,-5,5,5,5,5,-5,5,-5,5,5,-5,-5,-5,5,5,5,5,5,5,5,5
Iteration 587,5,5,5,5,5,5,5,-5,-5,5,5,5,5,5,5,-5,5,5,5,5,-5,5,5,5,5,5,5,5,5,5,5,5,5,5,5,5
Iteration 588,5,5,5,5,5,5,5,5,-5,-5,5,5,5,5,-5,-5,5,5,5,5,5,-5,5,5,5,-5,5,-5,5,5,5,5,5,5,5,5
Iteration 589,5,5,5,5,5,5,5,5,5,-5,-5,5,5,5,-5,-5,-5,5,5,5,-5,-5,5,5,-5,-5,5,-5,5,5,5,5,5,5,5,5
Iteration 590,5,5,5,5,5,5,5,5,-5,-5,5,5,5,5,-5,-5,5,5,5,5,5,-5,5,5,5,5,5,-5,5,5,5,5,5,5,5,5
Iteration 591,5,5,5,5,5,5,5,5,5,-5,-5,5,5,5,-5,5,-5,5,5,5,-5,-5,-5,5,5,5,-5,-5,-5,5,5,5,5,5,5,5
Iteration 592,5,5,5,5,5,5,5,5,-5,-5,5,5,5,5,-5,-5,5,5,5,5,5,5,5,5,5,5,5,-5,5,5,5,5,5,5,5,5
Iteration 593,5,5,5,5,5,5,5,5,-5,-5,5,5,5,5,5,-5,5,5,5,5,5,-5,5,5,5,-5,5,-5,5,5,5,5,5,5,5,5
Iteration 594,5,5,5,5,5,5,5,5,-5,-5,-5,5,5,5,5,-5,5,5,5,5,-5,5,5,5,-5,-5,-5,-5,5,5,5,5,5,5,5,5
Iteration 595,5,5,5,5,5,5,5,5,-5,-5,-5,5,5,5,-5,-5,5,5,5,5,-5,-5,5,5,5,-5,-5,-5,5,5,5,5,5,5,5,5
Iteration 596,5,5,5,5,5,5,5,5,-5,-5,-5,5,5,5,5,-5,5,5,5,5,-5,5,5,5,5,-5,-5,-5,5,5,5,5,5,5,5,5
Iteration 597,5,5,5,5,5,5,5,5,-5,-5,-5,5,5,5,-5,-5,5,5,5,5,-5,5,-5,5,5,-5,-5,-5,5,5,5,5,5,5,5,5
Iteration 598,5,5,5,5,5,5,5,5,-5,-5,-5,5,5,5,-5,-5,5,5,5,5,-5,-5,-5,5,5,-5,-5,-5,5,5,5,5,5,5,5,5
Iteration 599,5,5,5,5,5,5,5,5,-5,-5,-5,5,5,5,5,-5,5,5,5,5,-5,5,5,5,-5,-5,-5,-5,5,5,5,5,5,5,5,5
Iteration 600,5,5,5,5,5,5,5,5,-5,-5,5,5,5,5,-5,-5,5,5,5,5,5,-5,5,5,5,5,5,-5,5,5,5,5,5,5,5,5
Iteration 601,5,5,5,5,5,5,5,5,-5,-5,-5,5,5,5,-5,-5,5,5,5,5,5,5,5,5,-5,-5,-5,-5,5,5,5,5,5,5,5,5
Iteration 602,5,5,5,5,5,5,5,-5,-5,-5,5,5,5,5,-5,-5,5,5,5,5,5,5,-5,5,5,5,-5,-5,5,5,5,5,5,5,5,5
Iteration 603,5,5,5,5,5,5,5,-5,-5,-5,5,5,5,5,-5,-5,5,5,5,5,-5,-5,-5,5,5,5,-5,5,-5,5,5,5,5,5,5,5
Iteration 604,5,5,5,5,5,5,5,-5,-5,-5,5,5,5,5,-5,-5,-5,5,5,-5,5,5,-5,5,5,-5,-5,-5,5,5,5,5,5,5,5,5
Iteration 605,5,5,5,5,5,5,5,5,-5,-5,5,5,5,5,5,-5,5,5,5,5,-5,-5,5,5,5,5,-5,-5,5,5,5,5,5,5,5,5
Iteration 606,5,5,5,5,5,5,5,5,-5,-5,5,5,5,5,5,-5,5,5,5,5,5,-5,5,5,5,5,-5,-5,5,5,5,5,5,5,5,5
Iteration 607,5,5,5,5,5,5,5,-5,-5,-5,5,5,5,5,-5,-5,5,5,5,5,5,5,-5,5,5,5,-5,-5,-5,5,5,5,5,5,5,5
Iteration 608,5,5,5,5,5,5,5,5,-5,-5,5,5,5,5,-5,-5,5,5,5,5,5,-5,-5,5,5,-5,-5,-5,5,5,5,5,5,5,5,5
Iteration 609,5,5,5,5,5,5,5,-5,-5,-5,5,5,5,5,-5,-5,5,5,5,-5,5,5,-5,5,5,5,-5,-5,-5,5,5,5,5,5,5,5
Iteration 610,5,5,5,5,5,5,5,-5,-5,5,5,5,5,5,-5,-5,5,5,5,5,-5,-5,5,5,5,5,5,-5,5,5,5,5,5,5,5,5
Iteration 611,5,5,5,5,5,5,5,-5,-5,-5,5,5,5,5,-5,-5,5,5,5,5,5,5,5,5,5,-5,5,-5,5,5,5,5,5,5,5,5
Iteration 612,5,5,5,5,5,5,5,5,-5,-5,5,5,5,5,-5,-5,5,5,5,5,-5,-5,-5,5,5,-5,-5,-5,-5,5,5,5,5,5,5,5
Iteration 613,5,5,5,5,5,5,5,5,-5,-5,5,5,5,5,-5,-5,5,5,5,5,5,5,-5,5,5,5,-5,5,5,5,5,5,5,5,5,5
Iteration 614,5,5,5,5,5,5,5,5,-5,-5,5,5,5,5,-5,-5,5,5,5,5,5,-5,5,5,5,5,5,-5,5,5,5,5,5,5,5,5
Iteration 615,5,5,5,5,5,5,5,5,-5,-5,-5,5,5,5,-5,-5,-5,5,5,-5,5,5,-5,5,5,-5,-5,-5,-5,5,5,5,5,5,5,5
Iteration 616,5,5,5,5,5,5,5,-5,-5,-5,5,5,5,5,-5,-5,5,5,5,5,5,-5,-5,5,5,-5,-5,-5,-5,5,5,5,5,5,5,5
Iteration 617,5,5,5,5,5,5,5,5,-5,-5,-5,5,5,5,-5,-5,5,5,5,-5,-5,-5,-5,5,5,-5,-5,-5,-5,5,5,5,5,5,5,5
Iteration 618,5,5,5,5,5,5,5,-5,-5,-5,5,5,5,5,-5,-5,5,5,5,-5,5,5,-5,5,5,-5,-5,-5,5,5,5,5,5,5,5,5
Iteration 619,5,5,5,5,5,5,5,5,-5,-5,-5,5,5,5,-5,-5,5,5,5,-5,5,-5,-5,5,5,-5,-5,-5,-5,5,5,5,5,5,5,5
Iteration 620,5,5,5,5,5,5,5,5,-5,-5,-5,5,5,5,-5,-5,-5,5,5,-5,5,5,-5,5,5,-5,-5,-5,-5,5,5,5,5,5,5,5
Iteration 621,5,5,5,5,5,5,5,-5,-5,-5,5,5,5,5,-5,-5,5,5,5,5,5,-5,5,5,5,5,5,-5,5,5,5,5,5,5,5,5
Iteration 622,5,5,5,5,5,5,5,5,-5,-5,5,5,5,5,-5,5,5,5,5,5,-5,-5,-5,5,5,5,5,-5,-5,5,5,5,5,5,5,5
Iteration 623,5,5,5,5,5,5,5,5,-5,-5,-5,5,5,5,-5,-5,5,5,5,-5,-5,-5,5,5,5,5,5,5,-5,5,5,5,5,5,5,5
Iteration 624,5,5,5,5,5,5,5,-5,-5,-5,5,5,5,5,-5,-5,5,5,5,5,5,5,-5,5,5,-5,-5,-5,-5,5,5,5,5,5,5,5
Iteration 625,5,5,5,5,5,5,5,5,-5,-5,5,5,5,5,-5,-5,5,5,5,5,5,-5,5,5,5,5,5,-5,5,5,5,5,5,5,5,5
Iteration 626,5,5,5,5,5,5,5,5,5,-5,5,5,5,5,-5,-5,5,5,5,5,5,5,5,5,5,-5,-5,-5,5,5,5,5,5,5,5,5
Iteration 627,5,5,5,5,5,5,5,-5,-5,-5,-5,5,5,5,-5,-5,-5,5,5,-5,5,5,-5,5,5,-5,-5,-5,-5,5,5,5,5,5,5,5
Iteration 628,5,5,5,5,5,5,5,-5,-5,-5,5,5,5,5,-5,5,5,5,5,5,-5,-5,-5,5,5,5,5,-5,-5,5,5,5,5,5,5,5
Iteration 629,5,5,5,5,5,5,5,5,-5,-5,-5,5,5,5,5,-5,-5,5,5,5,-5,-5,-5,5,5,-5,5,-5,-5,5,5,5,5,5,5,5
Iteration 630,5,5,5,5,5,5,5,5,-5,-5,5,5,5,5,-5,-5,5,5,5,5,5,5,-5,5,5,-5,-5,-5,5,5,5,5,5,5,5,5
Iteration 631,5,5,5,5,5,5,5,-5,5,-5,5,5,5,5,-5,-5,5,5,5,5,5,5,-5,5,5,5,-5,-5,5,5,5,5,5,5,5,5
Iteration 632,5,5,5,5,5,5,5,-5,-5,-5,5,5,5,5,-5,5,5,5,5,5,5,5,-5,5,5,-5,5,5,-5,5,5,5,5,5,5,5
Iteration 633,5,5,5,5,5,5,5,5,-5,-5,5,5,5,5,-5,-5,5,5,5,5,5,-5,5,5,5,-5,-5,-5,5,5,5,5,5,5,5,5
Iteration 634,5,5,5,5,5,5,5,5,-5,-5,-5,5,5,5,-5,-5,5,5,5,5,-5,5,-5,5,5,-5,-5,-5,5,5,5,5,5,5,5,5
Iteration 635,5,5,5,5,5,5,5,5,5,-5,5,5,5,5,-5,-5,5,5,5,5,5,-5,5,5,5,5,-5,-5,5,5,5,5,5,5,5,5
Iteration 636,5,5,5,5,5,5,5,5,-5,-5,5,5,5,5,-5,-5,5,5,5,5,5,-5,5,5,5,5,5,-5,5,5,5,5,5,5,5,5
Iteration 637,5,5,5,5,5,5,5,-5,-5,-5,5,5,5,5,-5,-5,5,5,5,5,-5,5,5,5,5,5,-5,-5,5,5,5,5,5,5,5,5
Iteration 638,5,5,5,5,5,5,5,5,5,-5,-5,5,5,5,-5,-5,5,5,5,5,-5,-5,5,5,5,-5,-5,-5,5,5,5,5,5,5,5,5
Iteration 639,5,5,5,5,5,5,5,5,-5,-5,-5,5,5,5,-5,-5,5,5,5,5,-5,-5,5,5,5,-5,-5,-5,5,5,5,5,5,5,5,5
Iteration 640,5,5,5,5,5,5,5,5,5,-5,5,5,5,5,-5,-5,5,5,5,5,5,-5,5,5,5,5,-5,-5,5,5,5,5,5,5,5,5
Iteration 641,5,5,5,5,5,5,-5,-5,-5,-5,5,5,5,5,5,-5,5,5,5,5,5,-5,5,5,5,5,5,5,-5,5,5,5,5,-5,5,5
Iteration 642,5,5,5,5,5,5,5,5,-5,-5,5,5,5,5,-5,-5,5,5,5,-5,5,-5,5,5,5,-5,-5,-5,5,5,5,5,5,5,5,5
Iteration 643,5,5,5,5,5,5,5,5,-5,-5,-5,5,5,5,-5,-5,5,5,5,-5,-5,5,5,5,5,-5,-5,-5,5,5,5,5,5,5,5,5
Iteration 644,5,5,5,5,5,5,5,5,-5,-5,5,5,5,5,-5,-5,5,5,5,5,-5,-5,5,5,5,-5,-5,-5,5,5,5,5,5,5,5,5
Iteration 645,5,5,5,5,5,5,5,5,-5,-5,5,5,5,5,-5,-5,5,5,5,5,5,-5,-5,5,5,5,5,-5,-5,5,5,5,5,5,5,5
Iteration 646,5,5,5,5,5,5,5,5,-5,-5,5,5,5,5,-5,-5,5,5,5,5,5,-5,5,5,5,5,-5,-5,5,5,5,5,5,5,5,5
Iteration 647,5,5,5,5,5,5,5,5,-5,-5,-5,5,5,5,-5,-5,5,5,5,-5,-5,5,5,5,5,-5,-5,-5,5,5,5,5,5,5,5,5
Iteration 648,5,5,5,5,5,5,5,-5,-5,-5,5,5,5,5,-5,-5,5,5,5,5,5,5,-5,5,5,5,5,5,-5,5,5,5,5,5,5,5
Iteration 649,5,5,5,5,5,5,-5,-5,5,5,5,5,5,5,5,-5,5,5,5,5,-5,5,5,5,5,5,5,5,-5,5,5,5,5,5,-5,5
Iteration 650,5,5,5,5,5,5,5,5,-5,-5,5,5,5,5,-5,-5,5,5,5,5,-5,-5,5,5,5,5,5,-5,5,5,5,5,5,5,5,5
Iteration 651,5,5,5,5,5,5,5,5,-5,-5,5,5,5,5,-5,-5,5,5,5,5,5,-5,5,5,5,-5,-5,-5,5,5,5,5,5,5,5,5
Iteration 652,5,5,5,5,5,5,5,-5,-5,-5,5,5,5,5,5,-5,5,5,5,5,-5,-5,-5,5,5,5,-5,-5,5,5,5,5,5,5,5,5
Iteration 653,5,5,5,5,5,5,5,5,-5,-5,5,5,5,5,-5,-5,5,5,5,5,5,-5,5,5,5,-5,-5,-5,5,5,5,5,5,5,5,5
Iteration 654,5,5,5,5,5,5,5,5,5,-5,5,5,5,5,-5,-5,5,5,5,5,-5,-5,5,5,5,5,-5,-5,5,5,5,5,5,5,5,5
Iteration 655,5,5,5,5,5,5,5,-5,-5,-5,5,5,5,5,-5,-5,5,5,5,5,5,-5,-5,5,5,5,-5,-5,-5,5,5,5,5,5,5,5
Iteration 656,5,5,5,5,5,5,5,5,-5,-5,5,5,5,5,-5,-5,5,5,5,5,5,5,-5,5,5,-5,-5,-5,5,5,5,5,5,5,5,5
Iteration 657,5,5,5,5,5,5,5,5,5,5,5,5,5,-5,-5,-5,5,5,5,5,5,5,-5,5,5,5,-5,-5,-5,5,5,5,5,5,5,5
Iteration 658,5,5,5,5,5,5,5,5,-5,-5,5,5,5,-5,5,-5,5,5,5,5,-5,-5,-5,5,5,5,5,5,-5,5,5,5,-5,-5,5,5
Iteration 659,5,5,5,5,5,5,5,5,-5,-5,5,5,5,5,-5,-5,5,5,5,5,5,-5,5,5,5,-5,-5,-5,5,5,5,5,5,5,5,5
Iteration 660,5,5,5,5,5,5,5,5,-5,-5,-5,5,5,5,-5,-5,5,5,5,5,5,-5,5,5,-5,-5,-5,-5,5,5,5,5,5,5,5,5
Iteration 661,5,5,5,5,5,5,5,5,-5,-5,5,5,5,5,-5,-5,-5,5,5,5,5,5,5,5,5,-5,5,-5,-5,5,5,5,5,5,5,5
Iteration 662,5,5,5,5,5,5,5,-5,-5,-5,-5,5,5,5,5,-5,-5,5,5,5,-5,-5,-5,5,5,-5,-5,-5,-5,5,5,5,5,5,5,5
Iteration 663,5,5,5,5,5,5,5,5,-5,-5,-5,5,5,5,5,-5,5,5,5,5,-5,-5,5,5,5,-5,5,-5,5,5,5,5,5,5,5,5
Iteration 664,5,5,5,5,5,5,5,5,-5,-5,5,5,5,5,5,-5,5,5,5,5,5,-5,5,5,5,-5,5,-5,5,5,5,5,5,5,5,5
Iteration 665,5,5,5,5,5,5,5,5,-5,-5,5,5,5,5,-5,5,5,5,5,5,5,-5,5,5,5,5,-5,-5,5,5,5,5,5,5,5,5
Iteration 666,5,5,5,5,5,5,5,5,-5,-5,5,5,5,5,-5,-5,5,5,5,5,5,-5,5,5,5,5,-5,-5,5,5,5,5,5,5,5,5
Iteration 667,5,5,5,5,5,5,5,5,5,-5,-5,5,5,5,-5,-5,5,5,5,5,5,5,5,5,-5,-5,-5,-5,5,5,5,5,5,5,5,5
Iteration 668,5,5,5,5,5,5,5,5,-5,-5,5,5,5,5,-5,-5,5,5,5,5,5,-5,5,5,5,5,-5,-5,5,5,5,5,5,5,5,5
Iteration 669,5,5,5,5,5,5,5,5,-5,-5,5,5,5,5,5,-5,5,5,5,5,5,5,5,5,5,-5,-5,-5,5,5,5,5,5,5,5,5
Iteration 670,5,5,5,5,5,5,5,-5,-5,-5,5,5,5,5,5,-5,5,5,5,5,5,5,5,5,5,-5,5,-5,5,5,5,5,5,5,5,5
Iteration 671,5,5,5,5,5,5,5,5,-5,-5,-5,5,5,5,-5,-5,5,5,5,5,5,5,-5,5,5,-5,-5,-5,5,5,5,5,5,5,5,5
Iteration 672,5,5,5,5,5,5,5,5,-5,-5,5,5,5,5,-5,-5,5,5,5,5,5,5,-5,5,5,-5,-5,-5,-5,5,5,5,5,5,5,5
Iteration 673,5,5,5,5,5,5,5,5,5,5,5,5,5,5,-5,-5,5,5,5,-5,5,5,-5,5,5,5,-5,-5,-5,5,5,5,5,5,5,5
Iteration 674,5,5,5,5,5,5,5,5,-5,-5,5,5,5,5,-5,-5,5,5,5,5,5,5,-5,5,5,-5,5,5,-5,5,5,5,5,5,5,5
Iteration 675,5,5,5,5,5,5,5,5,-5,-5,-5,5,5,5,-5,-5,5,5,5,5,5,-5,5,5,5,5,5,-5,5,5,5,5,5,5,5,5
Iteration 676,5,5,5,5,5,5,5,5,-5,-5,5,5,5,5,-5,-5,5,5,5,5,5,-5,-5,5,5,-5,-5,-5,5,5,5,5,5,5,5,5
Iteration 677,5,5,5,5,5,5,5,5,-5,-5,-5,5,5,5,-5,-5,5,5,5,-5,-5,-5,5,5,5,5,5,-5,-5,5,5,5,5,5,5,5
Iteration 678,5,5,5,5,5,5,5,5,-5,5,-5,5,5,5,-5,-5,5,5,5,5,5,-5,5,5,5,-5,-5,-5,5,5,5,5,5,5,5,5
Iteration 679,5,5,5,5,5,5,5,5,-5,-5,-5,5,5,-5,5,-5,5,5,5,5,-5,-5,5,5,5,-5,5,-5,5,5,5,5,5,5,5,5
Iteration 680,5,5,5,5,5,5,5,-5,-5,-5,-5,5,5,5,5,-5,5,5,5,5,5,5,5,5,5,-5,-5,-5,5,5,5,5,5,5,5,5
Iteration 681,5,5,5,5,5,5,5,5,-5,-5,5,5,5,5,-5,-5,5,5,5,5,5,5,5,5,5,-5,5,-5,5,5,5,5,5,5,5,5
Iteration 682,5,5,5,5,5,5,5,5,-5,-5,5,5,5,5,-5,-5,5,5,5,5,5,5,5,5,5,5,5,-5,5,5,5,5,5,5,5,5
Iteration 683,5,5,5,5,5,5,5,5,-5,-5,5,5,5,5,-5,-5,5,5,5,5,-5,-5,5,5,5,5,5,-5,5,5,5,5,-5,5,5,5
Iteration 684,5,5,5,5,5,5,5,5,-5,-5,5,5,5,5,5,-5,5,5,5,5,-5,-5,5,5,5,5,-5,-5,5,5,5,5,5,5,5,5
Iteration 685,5,5,5,5,5,5,5,5,-5,-5,5,5,5,5,5,-5,5,5,5,5,5,5,5,5,5,5,5,-5,5,5,5,5,5,5,5,5
Iteration 686,5,5,5,5,5,5,5,5,-5,-5,5,5,5,5,5,-5,5,5,5,5,-5,-5,5,5,5,-5,5,-5,5,5,5,5,5,5,5,5
Iteration 687,5,5,5,5,5,5,5,-5,-5,-5,-5,5,5,5,-5,5,5,5,5,-5,-5,-5,-5,5,5,-5,5,-5,-5,5,5,5,5,5,5,5
Iteration 688,5,5,5,5,5,5,5,-5,-5,-5,5,5,5,5,-5,-5,5,5,5,5,-5,-5,5,5,5,5,-5,5,-5,5,5,5,5,5,5,5
Iteration 689,5,5,5,5,5,5,5,5,-5,-5,5,5,5,5,5,-5,5,5,5,5,5,-5,5,5,5,-5,5,-5,5,5,5,5,5,5,5,5
Iteration 690,5,5,5,5,5,5,5,5,-5,-5,-5,5,5,5,-5,-5,5,5,5,5,5,5,5,5,5,-5,5,-5,5,5,5,5,5,5,5,5
Iteration 691,5,5,5,5,5,5,5,5,-5,-5,-5,5,5,5,5,5,5,5,5,5,-5,-5,5,5,5,-5,5,-5,5,5,5,5,5,5,5,5
Iteration 692,5,5,5,5,5,5,5,-5,-5,-5,5,5,5,5,5,-5,5,5,5,5,5,5,-5,5,5,-5,-5,-5,5,5,5,5,5,5,5,5
Iteration 693,5,5,5,5,5,5,5,5,-5,-5,5,5,5,5,-5,-5,5,5,5,5,-5,-5,5,5,5,-5,5,-5,5,5,5,5,5,5,5,5
Iteration 694,5,5,5,5,5,5,5,5,5,-5,5,5,5,5,-5,5,5,5,5,5,5,-5,5,5,5,5,5,-5,5,5,5,5,5,5,5,5
Iteration 695,5,5,5,5,5,5,5,-5,-5,5,5,5,5,5,-5,-5,5,5,5,5,5,5,-5,5,5,5,5,5,-5,5,5,5,5,5,5,5
Iteration 696,5,5,5,5,5,5,5,5,-5,5,5,5,5,-5,-5,-5,5,5,5,5,5,5,-5,5,5,5,-5,-5,-5,5,5,5,5,5,5,5
Iteration 697,5,5,5,5,5,5,5,5,5,-5,5,5,5,5,-5,-5,5,5,5,5,-5,-5,5,5,5,5,5,-5,5,5,5,5,5,5,5,5
Iteration 698,5,5,5,5,5,5,5,5,5,-5,5,5,5,5,-5,-5,5,5,5,5,5,-5,5,5,5,5,5,-5,5,5,5,5,5,5,5,5
Iteration 699,5,5,5,5,5,5,5,-5,-5,-5,5,5,5,5,5,-5,5,5,5,-5,-5,-5,-5,5,5,5,-5,-5,-5,5,5,5,5,5,5,5
Iteration 700,5,5,5,5,5,5,5,5,5,-5,5,5,5,5,5,-5,5,5,5,5,-5,-5,5,5,5,5,5,-5,5,5,5,5,5,5,5,5
Iteration 701,5,5,5,5,5,5,5,5,-5,5,5,5,5,5,-5,5,5,5,5,5,5,5,-5,5,5,5,5,5,-5,5,5,5,5,5,5,5
Iteration 702,5,5,5,5,5,5,5,5,-5,-5,5,5,5,5,-5,-5,5,5,5,5,5,5,5,5,5,-5,-5,-5,5,5,5,5,5,5,5,5
Iteration 703,5,5,5,5,5,5,5,5,-5,-5,5,5,5,5,-5,-5,5,5,5,5,-5,-5,5,5,5,5,-5,-5,5,5,5,5,5,5,5,5
Iteration 704,5,5,5,5,5,5,5,5,-5,-5,5,5,5,5,5,-5,5,5,5,5,5,5,5,5,5,5,-5,-5,5,5,5,5,5,5,5,5
Iteration 705,5,5,5,5,5,5,5,5,5,-5,5,5,-5,-5,5,-5,-5,5,5,5,-5,-5,-5,5,5,5,-5,-5,-5,5,5,5,5,5,5,5
Iteration 706,5,5,5,5,5,5,5,5,-5,-5,5,5,5,5,-5,-5,5,5,5,5,5,5,-5,5,5,5,-5,-5,-5,5,5,5,5,5,5,5
Iteration 707,5,5,5,5,5,5,5,-5,-5,-5,5,5,5,-5,-5,-5,-5,5,5,5,5,5,-5,5,5,-5,-5,-5,-5,5,5,5,5,5,5,5
Iteration 708,5,5,5,5,5,5,5,-5,-5,-5,5,5,5,5,5,-5,5,5,5,5,5,5,-5,5,5,5,-5,-5,-5,5,5,5,5,5,5,5
Iteration 709,5,5,5,5,5,5,5,5,5,-5,5,5,5,5,-5,-5,5,5,5,5,5,-5,5,5,5,-5,-5,5,5,5,5,5,5,5,5,5
Iteration 710,5,5,5,5,5,5,5,-5,-5,5,5,5,5,5,-5,-5,5,5,5,5,5,5,-5,5,5,5,-5,-5,-5,5,5,5,5,5,5,5
Iteration 711,5,5,5,5,5,5,5,5,-5,-5,5,5,5,5,-5,-5,5,5,5,5,-5,-5,-5,5,5,5,5,-5,5,5,5,5,5,5,5,5
Iteration 712,5,5,5,5,5,5,5,5,5,-5,5,5,5,-5,-5,-5,-5,5,5,5,5,5,-5,5,5,-5,-5,-5,5,5,5,5,5,5,5,5
Iteration 713,5,5,5,5,5,5,5,5,-5,-5,-5,5,5,5,-5,-5,5,5,5,5,5,5,5,5,5,-5,-5,-5,5,5,5,5,5,5,5,5
Iteration 714,5,5,5,5,5,5,5,5,-5,-5,5,5,5,5,-5,-5,5,5,5,5,5,5,-5,5,5,5,-5,-5,-5,5,5,5,5,5,5,5
Iteration 715,5,5,5,5,5,5,5,5,5,-5,-5,5,5,5,5,-5,5,5,5,5,-5,-5,5,5,5,-5,-5,-5,5,5,5,5,5,5,5,5
Iteration 716,5,5,5,5,5,5,5,-5,-5,-5,5,5,5,5,5,-5,5,5,5,5,-5,-5,5,5,5,5,-5,-5,5,5,5,5,5,5,5,5
Iteration 717,5,5,5,5,5,5,5,5,-5,-5,5,5,5,5,5,-5,5,5,5,5,-5,-5,5,5,5,5,-5,-5,5,5,5,5,5,5,5,5
Iteration 718,5,5,5,5,5,5,5,5,-5,5,5,5,5,5,5,-5,5,5,5,5,-5,-5,5,5,5,-5,-5,-5,5,5,5,5,5,5,5,5
Iteration 719,5,5,5,5,5,5,5,5,-5,-5,5,5,5,5,5,-5,5,5,5,5,-5,-5,5,5,5,-5,-5,-5,5,5,5,5,5,5,5,5
Iteration 720,5,5,5,5,5,5,5,-5,-5,-5,5,5,5,5,-5,-5,5,5,5,5,-5,-5,-5,5,5,-5,-5,-5,-5,5,5,5,5,5,5,5
Iteration 721,5,5,5,5,5,5,5,5,5,5,-5,5,5,5,5,-5,5,5,5,5,-5,5,5,5,5,-5,5,-5,5,5,5,5,5,5,5,5
Iteration 722,5,5,5,5,5,5,5,5,-5,-5,-5,5,5,5,5,-5,5,5,5,5,-5,-5,5,5,5,-5,5,-5,5,5,5,5,5,5,5,5
Iteration 723,5,5,5,5,5,5,5,5,-5,-5,5,5,5,5,5,-5,5,5,5,5,-5,5,5,5,5,-5,5,-5,5,5,5,5,5,5,5,5
Iteration 724,5,5,5,5,5,5,5,5,-5,-5,5,5,5,5,5,-5,5,5,5,5,5,5,5,5,5,-5,5,5,-5,5,5,5,5,5,5,5
Iteration 725,5,5,5,5,5,5,5,5,5,-5,-5,5,5,5,5,5,-5,5,5,5,-5,-5,5,5,5,-5,-5,-5,5,5,5,5,5,5,5,5
Iteration 726,5,5,5,5,5,5,5,-5,-5,-5,5,5,5,5,-5,-5,5,5,5,5,-5,-5,-5,5,5,5,-5,-5,5,5,5,5,5,5,5,5
Iteration 727,5,5,5,5,5,5,5,5,-5,-5,-5,5,5,5,5,-5,5,5,5,5,5,-5,5,5,5,-5,5,-5,5,5,5,5,5,5,5,5
Iteration 728,5,5,5,5,5,5,5,-5,-5,5,-5,5,5,5,5,-5,5,5,5,5,-5,5,5,5,5,-5,5,-5,5,5,5,5,5,5,5,5
Iteration 729,5,5,5,5,5,5,5,5,-5,-5,-5,5,5,5,-5,-5,5,5,5,5,5,5,-5,5,5,-5,5,5,5,5,5,5,5,5,5,5
Iteration 730,5,5,5,5,5,5,5,5,5,-5,-5,5,5,5,5,-5,5,5,5,5,5,5,5,5,5,-5,5,-5,5,5,5,5,5,5,5,5
Iteration 731,5,5,5,5,5,5,5,5,-5,-5,5,5,5,5,-5,-5,5,5,5,5,5,5,5,5,5,5,5,-5,5,5,5,-5,5,5,5,5
Iteration 732,5,5,5,5,5,5,5,-5,-5,-5,5,5,5,5,-5,-5,5,5,5,5,5,-5,5,5,5,5,5,-5,5,5,5,5,5,5,5,5
Iteration 733,5,5,5,5,5,5,5,-5,-5,-5,5,5,5,5,-5,-5,5,5,5,5,5,5,5,5,5,5,5,-5,-5,5,5,5,5,5,5,5
Iteration 734,5,5,5,5,5,5,5,5,-5,-5,-5,5,5,5,5,-5,5,5,5,5,5,-5,5,5,5,5,5,-5,5,5,5,5,5,5,5,5
Iteration 735,5,5,5,5,5,5,5,-5,-5,-5,5,5,5,5,5,-5,5,5,5,5,-5,-5,5,5,5,5,5,-5,-5,5,5,5,5,-5,5,5
Iteration 736,5,5,5,5,5,5,5,5,-5,-5,-5,5,5,5,-5,-5,5,5,5,5,-5,-5,5,5,5,5,5,-5,5,5,5,-5,-5,5,5,5
Iteration 737,5,5,5,5,5,5,5,5,-5,-5,5,5,5,5,5,-5,5,5,5,5,-5,5,5,5,5,5,5,-5,5,5,5,5,5,5,5,5
Iteration 738,5,5,5,5,5,5,5,5,-5,-5,5,5,5,5,-5,5,5,5,5,5,5,-5,5,5,5,5,5,-5,5,5,5,5,5,5,5,5
Iteration 739,5,5,5,5,5,5,5,5,-5,-5,-5,5,5,5,-5,-5,5,5,5,5,5,-5,-5,5,5,-5,-5,-5,5,5,5,5,5,5,5,5
Iteration 740,5,5,5,5,5,5,5,5,-5,-5,5,5,5,5,5,-5,-5,5,5,5,5,5,5,5,5,5,5,-5,5,5,5,5,5,5,5,5
Iteration 741,5,5,5,5,5,5,5,5,-5,-5,-5,5,5,5,-5,-5,5,5,5,5,5,5,-5,5,5,5,5,-5,5,5,5,5,5,5,5,5
Iteration 742,5,5,5,5,5,5,5,5,-5,-5,-5,5,5,5,-5,-5,5,5,5,5,-5,-5,5,5,5,5,5,5,-5,5,5,-5,-5,5,5,5
Iteration 743,5,5,5,5,5,5,5,-5,-5,-5,5,5,5,5,-5,-5,5,5,5,5,-5,-5,-5,5,5,5,-5,-5,-5,5,5,5,5,5,5,5
Iteration 744,5,5,5,5,5,5,5,5,5,-5,-5,5,5,5,-5,-5,5,5,5,5,-5,-5,5,5,5,-5,5,5,-5,5,5,5,5,5,5,5
Iteration 745,5,5,5,5,5,5,5,5,-5,-5,5,5,5,5,5,-5,5,5,5,-5,-5,-5,5,5,5,5,5,-5,5,5,5,-5,5,5,5,5
Iteration 746,5,5,5,5,5,5,5,5,5,-5,5,5,5,5,-5,-5,5,5,5,5,5,5,5,5,5,-5,-5,-5,5,5,5,5,5,5,5,5
Iteration 747,5,5,5,5,5,5,5,5,5,-5,5,5,5,5,-5,-5,5,5,5,5,5,-5,5,5,5,-5,5,-5,5,5,5,5,5,5,5,5
Iteration 748,5,5,5,5,5,5,5,5,-5,-5,5,5,5,5,-5,-5,5,5,5,5,5,-5,5,5,5,5,5,-5,5,5,5,5,5,5,5,5
Iteration 749,5,5,5,5,5,5,5,5,5,-5,5,5,5,5,-5,5,5,5,5,5,5,5,-5,5,5,5,-5,-5,5,5,5,5,5,5,5,5
Iteration 750,5,5,5,5,5,5,5,5,5,-5,-5,5,5,5,5,-5,5,5,5,5,5,5,5,5,5,5,5,-5,5,5,5,-5,5,5,5,5
Iteration 751,5,5,5,5,5,5,5,5,5,-5,5,5,5,5,5,-5,5,5,5,-5,-5,-5,5,5,5,5,5,-5,5,5,5,5,-5,5,5,5
Iteration 752,5,5,5,5,5,5,5,5,-5,5,5,5,5,5,5,5,-5,5,5,5,-5,-5,5,5,5,-5,-5,-5,5,5,5,5,5,5,5,5
Iteration 753,5,5,5,5,5,5,5,-5,5,-5,5,5,5,5,-5,-5,5,5,5,5,5,-5,5,5,5,-5,-5,-5,-5,5,5,5,5,5,5,5
Iteration 754,5,5,5,5,5,5,5,5,-5,-5,5,5,5,5,5,-5,5,5,5,5,5,5,5,5,5,-5,5,-5,5,5,5,5,5,5,5,5
Iteration 755,5,5,5,5,5,5,5,-5,-5,-5,5,5,5,5,-5,5,5,5,5,5,-5,-5,-5,5,5,5,5,5,-5,5,5,5,5,5,5,5
Iteration 756,5,5,5,5,5,5,5,5,-5,-5,5,5,5,5,5,-5,5,5,5,5,-5,-5,5,5,5,5,5,5,5,5,5,5,5,5,5,5
Iteration 757,5,5,5,5,5,5,5,5,-5,-5,5,5,5,5,5,-5,5,5,5,5,5,-5,5,5,5,-5,5,-5,5,5,5,5,5,5,5,5
Iteration 758,5,5,5,5,5,5,5,5,-5,-5,5,5,5,5,5,-5,5,5,5,5,-5,5,5,5,5,-5,5,-5,5,5,5,5,5,5,5,5
Iteration 759,5,5,5,5,5,5,5,5,-5,-5,5,5,5,5,5,-5,5,5,5,5,-5,-5,5,5,5,5,5,-5,5,5,5,5,5,5,5,5
Iteration 760,5,5,5,5,5,5,5,5,-5,-5,5,5,5,5,-5,-5,5,5,5,5,5,-5,5,5,5,5,5,-5,5,5,5,5,5,5,5,5
Iteration 761,5,5,5,5,5,5,5,5,-5,5,5,5,5,5,5,-5,5,5,5,5,-5,-5,5,5,5,-5,5,-5,5,5,5,5,5,5,5,5
Iteration 762,5,5,5,5,5,5,5,5,-5,-5,5,5,5,5,5,-5,5,5,5,5,-5,-5,5,5,5,5,5,5,5,5,5,5,5,5,5,5
Iteration 763,5,5,5,5,5,5,5,5,-5,-5,5,5,5,5,5,-5,5,5,5,5,5,5,5,5,5,-5,5,-5,5,5,5,5,5,5,5,5
Iteration 764,5,5,5,5,5,5,5,5,-5,-5,5,5,5,5,5,-5,5,5,5,5,-5,5,5,5,5,5,5,-5,5,5,5,5,5,5,5,5
Iteration 765,5,5,5,5,5,5,5,5,-5,-5,5,5,5,5,5,-5,5,5,5,5,-5,5,5,5,5,5,5,-5,5,5,5,5,5,5,5,5
Iteration 766,5,5,5,5,5,5,5,-5,-5,-5,5,5,5,5,5,-5,5,5,5,5,5,-5,5,5,5,5,5,-5,5,5,5,5,5,5,5,5
Iteration 767,5,5,5,5,5,5,5,5,-5,-5,5,5,5,5,5,-5,5,5,5,5,5,5,-5,5,5,5,-5,-5,5,5,5,5,5,5,5,5
Iteration 768,5,5,5,5,5,5,5,5,-5,-5,5,5,5,5,-5,-5,-5,5,5,5,-5,-5,5,5,5,-5,-5,-5,5,5,5,5,5,5,5,5
Iteration 769,5,5,5,5,5,5,5,5,-5,-5,5,5,5,5,-5,5,5,5,5,5,5,-5,5,5,5,5,5,-5,5,5,5,5,5,5,5,5
Iteration 770,5,5,5,5,5,5,5,5,-5,-5,5,5,5,5,-5,-5,5,5,5,5,5,5,-5,5,5,-5,-5,-5,5,5,5,5,5,5,5,5
Iteration 771,5,5,5,5,5,5,5,-5,5,-5,5,5,5,5,-5,-5,-5,5,5,5,-5,5,-5,5,5,-5,5,-5,5,5,5,5,5,5,5,5
Iteration 772,5,5,5,5,5,5,5,5,-5,-5,5,5,5,5,5,-5,5,5,5,5,-5,5,5,5,5,5,5,-5,5,5,5,5,5,5,5,5
Iteration 773,5,5,5,5,5,5,5,5,5,-5,5,5,5,5,-5,5,5,5,5,5,5,-5,5,5,5,5,5,-5,5,5,5,5,5,5,5,5
Iteration 774,5,5,5,5,5,5,5,5,-5,-5,5,5,5,5,5,-5,5,5,5,5,5,5,5,5,5,-5,5,-5,5,5,5,5,5,5,5,5
Iteration 775,5,5,5,5,5,5,5,-5,-5,-5,-5,5,5,5,-5,-5,-5,5,5,5,5,-5,-5,5,5,-5,-5,-5,-5,5,5,5,5,5,5,5
Iteration 776,5,5,5,5,5,5,5,5,-5,-5,5,5,5,5,5,-5,5,5,5,5,-5,-5,5,5,5,-5,-5,-5,5,5,5,5,5,5,5,5
Iteration 777,5,5,5,5,5,5,5,5,-5,-5,-5,5,5,5,-5,-5,5,5,5,-5,-5,5,-5,5,5,-5,-5,-5,5,5,5,5,5,5,5,5
Iteration 778,5,5,5,5,5,5,5,5,5,-5,-5,5,5,5,-5,-5,5,5,5,5,5,-5,5,5,5,-5,-5,-5,5,5,5,5,5,5,5,5
Iteration 779,5,5,5,5,5,5,5,5,-5,-5,5,5,5,5,5,-5,5,5,5,5,-5,5,5,5,5,5,5,-5,5,5,5,5,5,5,5,5
Iteration 780,5,5,5,5,5,5,5,-5,-5,5,5,5,5,5,-5,5,5,5,5,5,5,-5,-5,5,5,5,5,5,-5,5,5,5,5,5,5,5
Iteration 781,5,5,5,5,5,5,5,5,-5,5,5,5,5,5,-5,-5,5,5,5,5,5,-5,5,5,5,-5,5,-5,-5,5,5,5,5,5,5,5
Iteration 782,5,5,5,5,5,5,5,5,5,-5,-5,5,5,5,5,-5,-5,5,5,5,-5,-5,5,5,5,-5,-5,-5,5,5,5,5,5,5,5,5
Iteration 783,5,5,5,5,5,5,5,5,-5,-5,5,5,5,5,-5,-5,5,5,5,5,5,5,5,5,5,5,-5,-5,5,5,5,5,5,5,5,5
Iteration 784,5,5,5,5,5,5,5,5,-5,5,5,5,5,5,5,-5,5,5,5,5,-5,-5,5,5,5,5,5,-5,5,5,5,5,5,5,5,5
Iteration 785,5,5,5,5,5,5,5,-5,-5,-5,5,5,5,5,-5,5,5,5,5,5,5,-5,5,5,5,5,5,5,5,5,5,5,5,5,5,5
Iteration 786,5,5,5,5,5,5,5,5,-5,-5,-5,5,5,5,-5,-5,5,5,5,5,5,-5,5,5,5,-5,-5,-5,5,5,5,5,5,5,5,5
Iteration 787,5,5,5,5,5,5,5,5,5,-5,-5,5,5,5,-5,-5,-5,5,5,-5,-5,5,-5,5,5,-5,-5,-5,5,5,5,5,5,5,5,5
Iteration 788,5,5,5,5,5,5,5,5,5,-5,-5,5,5,5,5,-5,5,5,5,5,5,5,5,5,5,-5,-5,-5,5,5,5,5,5,5,5,5
Iteration 789,5,5,5,5,5,5,5,5,-5,-5,5,5,5,5,-5,5,5,5,5,5,-5,-5,-5,5,5,5,-5,-5,5,5,5,5,5,5,5,5
Iteration 790,5,5,5,5,5,5,5,5,5,-5,-5,5,5,5,5,-5,5,5,5,5,-5,-5,5,5,5,-5,-5,-5,5,5,5,5,5,5,5,5
Iteration 791,5,5,5,5,5,5,5,5,-5,-5,5,5,5,5,-5,-5,5,5,5,5,5,-5,5,5,5,5,5,-5,5,5,5,5,5,5,5,5
Iteration 792,5,5,5,5,5,5,5,5,5,5,-5,5,5,5,-5,-5,-5,5,5,5,5,5,-5,5,5,-5,-5,-5,5,5,5,5,5,5,5,5
Iteration 793,5,5,5,5,5,5,5,5,5,5,-5,5,5,5,5,-5,-5,5,5,5,-5,5,5,5,5,-5,-5,-5,5,5,5,5,5,5,5,5
Iteration 794,5,5,5,5,5,5,5,-5,5,5,5,5,5,5,-5,-5,5,5,5,5,5,5,-5,5,5,-5,5,5,-5,5,5,5,5,5,5,5
Iteration 795,5,5,5,5,5,5,5,5,-5,-5,5,5,5,5,-5,-5,5,5,5,5,5,5,-5,5,5,5,-5,-5,5,5,5,5,5,5,5,5
Iteration 796,5,5,5,5,5,5,5,5,-5,-5,-5,5,5,5,5,-5,5,5,5,5,-5,-5,5,5,5,-5,-5,-5,5,5,5,5,5,5,5,5
Iteration 797,5,5,5,5,5,5,5,-5,-5,-5,5,5,5,5,-5,-5,5,5,5,5,5,5,-5,5,5,5,-5,-5,-5,5,5,5,5,5,5,5
Iteration 798,5,5,5,5,5,5,5,5,5,-5,-5,5,5,-5,-5,-5,5,5,5,-5,5,5,5,5,5,-5,-5,-5,5,5,5,5,5,5,5,5
Iteration 799,5,5,5,5,5,5,5,5,-5,-5,5,5,5,5,-5,-5,5,5,5,5,-5,-5,5,5,5,5,5,-5,5,5,5,5,-5,5,5,5
Iteration 800,5,5,5,5,5,5,5,-5,-5,-5,-5,5,5,5,5,-5,-5,5,5,5,-5,-5,-5,5,5,-5,-5,-5,-5,5,5,5,5,5,5,5
Iteration 801,5,5,5,5,5,5,5,5,-5,-5,-5,5,5,5,-5,-5,5,5,5,5,-5,-5,-5,5,5,-5,-5,-5,-5,5,5,5,5,5,5,5
Iteration 802,5,5,5,5,5,5,5,5,-5,-5,5,5,5,5,-5,-5,5,5,5,5,5,5,-5,5,5,-5,-5,-5,5,5,5,5,5,5,5,5
Iteration 803,5,5,5,5,5,5,5,-5,-5,-5,-5,5,5,5,5,-5,-5,5,5,5,-5,-5,5,5,5,5,5,-5,5,5,5,5,5,5,5,5
Iteration 804,5,5,5,5,5,5,5,-5,-5,-5,-5,5,5,5,-5,-5,-5,5,5,5,5,-5,-5,5,5,-5,-5,-5,-5,5,5,5,5,5,5,5
Iteration 805,5,5,5,5,5,5,5,5,-5,-5,-5,5,-5,-5,5,-5,-5,5,5,5,-5,-5,5,5,5,5,5,-5,-5,5,5,5,5,5,5,5
Iteration 806,5,5,5,5,5,5,5,-5,-5,-5,5,5,5,5,-5,-5,5,5,5,5,-5,-5,5,5,5,5,-5,-5,-5,5,5,5,5,5,5,5
Iteration 807,5,5,5,5,5,5,5,-5,-5,-5,5,5,5,5,5,-5,5,5,5,5,-5,-5,5,5,5,5,-5,-5,5,5,5,5,5,5,5,5
Iteration 808,5,5,5,5,5,5,5,-5,-5,5,5,5,5,5,-5,5,5,5,5,5,5,5,5,5,5,5,5,-5,5,5,5,5,5,5,5,5
Iteration 809,5,5,5,5,5,5,5,5,-5,-5,5,5,5,5,-5,-5,5,5,5,5,-5,-5,5,5,5,5,5,-5,5,5,5,5,5,5,5,5
Iteration 810,5,5,5,5,5,5,5,-5,-5,-5,5,5,5,5,-5,-5,5,5,5,5,-5,5,-5,5,5,-5,5,-5,-5,5,5,5,5,5,5,5
Iteration 811,5,5,5,5,5,5,5,5,-5,-5,5,5,5,5,-5,-5,5,5,5,5,5,-5,5,5,5,-5,-5,-5,-5,5,5,5,5,5,5,5
Iteration 812,5,5,5,5,5,5,5,5,-5,-5,5,5,5,5,5,-5,5,5,5,5,-5,-5,5,5,5,5,-5,5,5,5,5,5,5,5,5,5
Iteration 813,5,5,5,5,5,5,5,5,-5,-5,-5,5,5,5,-5,-5,5,5,5,5,5,5,-5,5,5,-5,-5,-5,5,5,5,5,5,5,5,5
Iteration 814,5,5,5,5,5,5,5,5,5,-5,5,5,5,5,5,-5,5,5,5,5,5,5,5,5,5,5,5,5,5,5,5,5,5,5,5,5
Iteration 815,5,5,5,5,5,5,5,5,-5,-5,5,5,5,5,5,-5,-5,5,5,5,-5,-5,5,5,5,-5,-5,-5,5,5,5,5,5,5,5,5
Iteration 816,5,5,5,5,5,5,5,5,-5,-5,5,5,5,5,-5,-5,5,5,5,5,-5,5,5,5,5,5,5,-5,5,5,5,5,5,5,5,5
Iteration 817,5,5,5,5,5,5,5,5,-5,-5,5,5,5,5,5,-5,-5,5,5,5,-5,-5,5,5,-5,-5,-5,-5,5,5,5,5,5,5,5,5
Iteration 818,5,5,5,5,5,5,5,5,5,-5,5,5,5,5,-5,5,5,5,5,5,5,-5,5,5,5,-5,-5,-5,5,5,5,5,5,5,5,5
Iteration 819,5,5,5,5,5,5,5,5,-5,-5,5,5,5,5,5,-5,5,5,5,5,-5,-5,5,5,5,5,-5,-5,5,5,5,5,5,5,5,5
Iteration 820,5,5,5,5,5,5,5,5,-5,-5,5,5,5,-5,5,-5,5,5,5,5,-5,-5,-5,5,5,5,5,5,-5,5,5,5,-5,-5,5,5
Iteration 821,5,5,5,5,5,5,5,5,-5,-5,5,5,5,5,5,-5,-5,5,5,5,-5,-5,5,5,5,-5,-5,-5,5,5,5,5,5,5,5,5
Iteration 822,5,5,5,5,5,5,5,5,-5,-5,-5,5,5,5,5,-5,-5,5,5,5,-5,-5,5,5,5,-5,-5,-5,5,5,5,5,5,5,5,5
Iteration 823,5,5,5,5,5,5,5,5,-5,-5,-5,5,5,5,5,-5,-5,5,5,5,-5,-5,5,5,5,-5,5,-5,5,5,5,5,5,5,5,5
Iteration 824,5,5,5,5,5,5,5,-5,-5,-5,-5,5,5,5,5,-5,-5,5,5,5,-5,-5,5,5,5,-5,-5,-5,5,5,5,5,5,5,5,5
Iteration 825,5,5,5,5,5,5,5,5,-5,-5,5,5,5,5,-5,-5,5,5,5,5,5,5,5,5,5,-5,-5,-5,-5,5,5,5,5,5,5,5
Iteration 826,5,5,5,5,5,5,5,5,-5,-5,-5,5,5,5,5,-5,5,5,5,5,5,-5,5,5,-5,-5,-5,-5,5,5,5,5,5,5,5,5
Iteration 827,5,5,5,5,5,5,5,5,-5,5,-5,5,5,5,5,-5,5,5,5,5,5,5,-5,5,5,-5,-5,-5,5,5,5,5,5,5,5,5
Iteration 828,5,5,5,5,5,5,5,5,-5,-5,5,5,5,5,5,5,5,5,5,5,-5,-5,5,5,5,5,5,-5,5,5,5,5,5,-5,5,5
Iteration 829,5,5,5,5,5,5,5,5,5,-5,-5,5,5,5,5,-5,5,5,5,5,5,-5,5,5,5,-5,-5,5,5,5,5,5,5,5,5,5
Iteration 830,5,5,5,5,5,5,5,5,5,5,5,5,5,5,-5,-5,5,5,5,5,5,5,5,5,5,-5,-5,-5,5,5,5,5,5,5,5,5
Iteration 831,5,5,5,5,5,5,5,5,-5,-5,-5,5,5,5,5,-5,5,5,5,5,-5,-5,5,5,5,5,-5,-5,5,5,5,5,5,5,5,5
Iteration 832,5,5,5,5,5,5,5,-5,-5,-5,5,5,5,5,-5,-5,5,5,5,5,-5,-5,5,5,5,5,5,-5,5,5,5,5,5,5,5,5
Iteration 833,5,5,5,5,5,5,5,5,5,-5,-5,5,5,5,-5,-5,5,5,5,5,-5,5,-5,5,-5,-5,-5,-5,5,5,5,5,5,5,5,5
Iteration 834,5,5,5,5,5,5,5,-5,-5,-5,5,5,5,5,5,-5,5,5,5,5,5,-5,-5,5,5,5,5,5,-5,5,5,5,-5,5,5,5
Iteration 835,5,5,5,5,5,5,5,5,5,-5,5,5,5,5,5,-5,5,5,5,5,-5,5,5,5,5,-5,-5,-5,5,5,5,5,5,5,5,5
Iteration 836,5,5,5,5,5,5,5,5,-5,-5,5,5,5,5,5,-5,5,5,5,5,-5,-5,5,5,5,5,5,-5,5,5,5,5,5,5,5,5
Iteration 837,5,5,5,5,5,5,5,5,-5,-5,-5,5,5,5,5,-5,-5,5,5,5,5,-5,-5,5,5,-5,-5,-5,5,5,5,5,5,5,5,5
Iteration 838,5,5,5,5,5,5,5,5,-5,-5,5,5,5,-5,5,-5,-5,5,5,-5,5,-5,-5,5,5,5,5,5,-5,5,5,5,5,5,5,5
Iteration 839,5,5,5,5,5,5,5,5,5,-5,-5,5,5,5,5,-5,5,5,5,5,-5,5,5,5,5,-5,5,-5,5,5,5,5,5,5,5,5
Iteration 840,5,5,5,5,5,5,5,-5,5,5,5,5,5,5,5,-5,5,5,5,5,-5,-5,5,5,5,5,5,5,5,5,5,5,5,5,5,5
Iteration 841,5,5,5,5,5,5,5,5,-5,-5,5,5,5,5,5,-5,5,5,5,5,-5,-5,5,5,5,5,5,-5,5,5,5,5,5,5,5,5
Iteration 842,5,5,5,5,5,5,5,5,-5,-5,5,5,5,5,-5,-5,5,5,5,5,5,-5,5,5,5,5,5,-5,5,5,5,5,5,5,5,5
Iteration 843,5,5,5,5,5,5,5,5,-5,-5,-5,5,5,5,5,-5,5,5,5,-5,5,5,-5,5,5,-5,-5,-5,5,5,5,5,5,5,5,5
Iteration 844,5,5,5,5,5,5,5,5,-5,-5,5,5,5,5,-5,-5,5,5,5,5,5,-5,5,5,5,-5,-5,-5,5,5,5,5,5,5,5,5
Iteration 845,5,5,5,5,5,5,5,5,-5,-5,5,5,5,5,-5,-5,5,5,5,5,5,-5,5,5,5,5,-5,-5,5,5,5,5,5,5,5,5
Iteration 846,5,5,5,5,5,5,5,-5,-5,-5,5,5,5,5,-5,-5,-5,5,5,5,-5,5,-5,5,5,-5,-5,-5,-5,5,5,5,5,5,5,5
Iteration 847,5,5,5,5,5,5,5,5,-5,-5,5,5,5,5,5,-5,5,5,5,5,-5,5,5,5,5,5,5,-5,5,5,5,5,5,5,5,5
Iteration 848,5,5,5,5,5,5,5,5,-5,-5,-5,5,5,5,5,-5,-5,5,5,5,-5,-5,-5,5,5,-5,-5,-5,5,5,5,5,5,5,5,5
Iteration 849,5,5,5,5,5,5,5,5,-5,-5,-5,5,5,5,5,-5,5,5,5,5,-5,5,5,5,5,-5,-5,-5,5,5,5,5,5,5,5,5
Iteration 850,5,5,5,5,5,5,5,-5,-5,-5,5,5,5,5,5,-5,5,5,5,5,-5,-5,-5,5,5,5,5,-5,-5,5,5,5,5,5,5,5
Iteration 851,5,5,5,5,5,5,5,5,-5,-5,5,5,5,5,-5,-5,5,5,5,5,-5,-5,5,5,5,5,-5,-5,-5,5,5,5,5,5,5,5
Iteration 852,5,5,5,5,5,5,5,-5,-5,-5,5,5,5,5,5,-5,5,5,5,5,-5,-5,-5,5,5,5,5,5,-5,5,5,5,5,5,5,5
Iteration 853,5,5,5,5,5,5,5,5,-5,-5,-5,5,5,5,5,-5,5,5,5,5,-5,-5,5,5,-5,-5,-5,-5,5,5,5,5,5,5,5,5
Iteration 854,5,5,5,5,5,5,5,5,-5,5,-5,5,5,5,5,-5,5,5,5,5,-5,5,5,5,5,-5,5,-5,5,5,5,5,5,5,5,5
Iteration 855,5,5,5,5,5,5,5,5,-5,-5,5,5,5,5,-5,-5,5,5,5,5,5,5,5,5,5,-5,-5,-5,5,5,5,5,5,5,5,5
Iteration 856,5,5,5,5,5,5,5,5,-5,-5,5,5,5,5,5,-5,5,5,5,5,5,-5,5,5,5,5,-5,-5,5,5,5,5,5,5,5,5
Iteration 857,5,5,5,5,5,5,5,-5,-5,-5,-5,5,5,5,5,-5,-5,5,5,5,-5,-5,-5,5,5,5,5,-5,-5,5,5,5,5,5,5,5
Iteration 858,5,5,5,5,5,5,5,5,-5,-5,5,5,5,5,5,-5,-5,5,5,5,5,-5,5,5,5,-5,-5,5,5,5,5,5,5,5,5,5
Iteration 859,5,5,5,-5,5,5,5,5,5,5,-5,5,5,5,-5,-5,5,5,5,-5,-5,5,-5,5,5,-5,-5,-5,5,5,5,5,5,5,5,5
Iteration 860,5,5,5,5,5,5,5,5,-5,-5,5,5,5,5,-5,-5,5,5,5,5,-5,-5,5,5,5,5,-5,-5,5,5,5,5,5,5,5,5
Iteration 861,5,5,5,5,5,5,5,-5,-5,-5,5,5,5,5,-5,-5,-5,5,5,5,-5,5,-5,5,5,-5,-5,-5,-5,5,5,5,5,5,5,5
Iteration 862,5,5,5,5,5,5,5,-5,-5,-5,5,5,5,5,-5,-5,-5,5,5,5,-5,-5,-5,5,5,-5,-5,-5,-5,5,5,5,5,5,5,5
Iteration 863,5,5,5,5,5,5,5,-5,-5,-5,5,5,5,5,-5,-5,5,5,5,5,5,-5,5,5,5,5,5,-5,5,5,5,5,5,5,5,5
Iteration 864,5,5,5,5,5,5,5,-5,-5,-5,5,5,5,-5,-5,-5,5,5,5,5,5,5,-5,5,5,-5,-5,-5,-5,5,5,5,5,5,5,5
Iteration 865,5,5,5,5,5,5,5,5,-5,-5,-5,5,5,5,-5,-5,-5,5,5,5,-5,-5,5,5,5,-5,-5,-5,5,5,5,5,5,5,5,5
Iteration 866,5,5,5,5,5,5,5,5,5,-5,5,5,5,5,-5,-5,5,5,5,5,5,-5,5,5,5,-5,5,-5,5,5,5,5,5,5,5,5
Iteration 867,5,5,5,5,5,5,5,-5,-5,-5,5,5,5,5,-5,5,5,5,5,5,5,-5,5,5,5,5,5,5,-5,5,5,5,5,5,5,5
Iteration 868,5,5,5,5,5,5,5,-5,-5,-5,5,5,5,5,-5,-5,5,5,5,5,5,5,-5,5,5,-5,-5,-5,-5,5,5,5,5,5,5,5
Iteration 869,5,5,5,5,5,5,5,-5,-5,-5,5,5,5,5,-5,-5,5,5,5,5,-5,-5,-5,5,5,-5,-5,-5,5,5,5,5,5,5,5,5
Iteration 870,5,5,5,5,5,5,5,-5,-5,-5,-5,5,5,5,-5,-5,5,5,5,5,5,-5,5,5,5,-5,5,-5,5,5,5,5,5,5,5,5
Iteration 871,5,5,5,5,5,5,5,-5,-5,-5,-5,5,5,5,-5,-5,-5,5,5,5,-5,-5,-5,5,5,-5,5,5,-5,5,5,5,5,5,5,5
Iteration 872,5,5,5,5,5,5,5,-5,-5,-5,5,5,5,-5,-5,-5,5,5,5,5,5,5,-5,5,5,5,-5,-5,-5,5,5,5,5,5,5,5
Iteration 873,5,5,5,5,5,5,5,5,-5,-5,5,5,5,5,-5,-5,5,5,5,5,5,-5,-5,5,5,-5,-5,-5,5,5,5,5,5,5,5,5
Iteration 874,5,5,5,5,5,5,5,5,-5,-5,5,5,5,5,-5,-5,5,5,5,5,5,5,5,5,5,5,-5,-5,5,5,5,5,5,5,5,5
Iteration 875,5,5,5,5,5,5,5,5,-5,-5,5,5,5,5,-5,-5,5,5,5,-5,-5,-5,5,5,5,-5,5,-5,5,5,5,5,5,5,5,5
Iteration 876,5,5,5,5,5,5,5,5,-5,-5,5,5,5,5,-5,-5,5,5,5,5,-5,-5,-5,5,5,-5,-5,-5,5,5,5,5,5,5,5,5
Iteration 877,5,5,5,5,5,5,5,-5,-5,-5,5,5,5,5,-5,-5,5,5,5,5,5,5,-5,5,5,-5,-5,-5,-5,5,5,5,5,5,5,5
Iteration 878,5,5,5,5,5,5,5,-5,-5,-5,5,5,5,5,-5,-5,5,5,5,5,5,5,-5,5,5,5,-5,-5,-5,5,5,5,5,5,5,5
Iteration 879,5,5,5,5,5,5,5,5,-5,-5,5,5,5,5,-5,-5,5,5,5,5,-5,5,-5,5,5,-5,-5,-5,5,5,5,5,5,5,5,5
Iteration 880,5,5,5,5,5,5,5,5,5,-5,-5,5,5,5,5,5,-5,5,5,5,-5,-5,5,5,5,-5,5,-5,5,5,5,5,5,5,5,5
Iteration 881,5,5,5,5,5,5,5,-5,-5,-5,5,5,5,5,-5,-5,5,5,5,5,5,-5,-5,5,5,5,-5,-5,5,5,5,5,5,5,5,5
Iteration 882,5,5,5,5,5,5,5,5,-5,5,5,5,5,5,-5,-5,5,5,5,5,5,5,5,5,5,-5,-5,-5,5,5,5,5,5,5,5,5
Iteration 883,5,5,5,5,5,5,5,5,-5,-5,-5,5,5,5,-5,5,-5,5,5,5,-5,-5,5,5,5,5,5,-5,5,5,5,5,5,5,5,5
Iteration 884,5,5,5,5,5,5,5,5,5,-5,5,5,5,5,-5,-5,5,5,5,5,5,5,-5,5,5,-5,-5,-5,5,5,5,5,5,5,5,5
Iteration 885,5,5,5,5,5,5,5,5,-5,-5,5,5,5,5,5,-5,5,5,5,5,5,-5,5,5,5,5,5,-5,5,5,5,5,5,5,5,5
Iteration 886,5,5,5,5,5,5,5,5,5,-5,-5,5,5,5,-5,5,-5,5,5,5,-5,-5,5,5,5,5,5,-5,5,5,5,-5,-5,5,5,5
Iteration 887,5,5,5,5,5,5,5,5,-5,-5,5,5,5,5,-5,5,5,5,5,5,5,-5,-5,5,5,5,5,-5,-5,5,5,5,5,5,5,5
Iteration 888,5,5,5,5,5,5,5,-5,-5,-5,5,5,5,5,-5,-5,5,5,5,5,-5,-5,-5,5,5,5,5,5,-5,5,5,5,5,-5,5,5
Iteration 889,5,5,5,5,5,5,5,5,-5,-5,-5,5,5,-5,5,5,-5,5,5,5,5,-5,-5,5,5,5,-5,5,5,5,5,-5,-5,5,5,5
Iteration 890,5,5,5,5,5,5,5,-5,-5,-5,5,5,5,5,-5,-5,5,5,5,5,5,5,-5,5,5,5,-5,-5,-5,5,5,5,5,5,5,5
Iteration 891,5,5,5,5,5,5,5,-5,-5,-5,5,5,5,5,5,-5,5,5,5,5,5,5,-5,5,5,5,5,-5,5,5,5,5,5,5,5,5
Iteration 892,5,5,5,5,5,5,5,5,5,-5,-5,5,5,5,5,-5,5,5,5,5,-5,5,5,5,5,5,-5,5,5,5,5,-5,5,5,5,5
Iteration 893,5,5,5,5,5,5,5,5,-5,-5,-5,5,5,5,5,-5,-5,5,5,5,-5,-5,5,5,5,5,-5,-5,5,5,5,5,5,5,5,5
Iteration 894,5,5,5,5,5,5,5,5,5,-5,-5,5,5,5,5,-5,5,5,5,5,-5,-5,5,5,5,-5,-5,5,5,5,5,5,5,5,5,5
Iteration 895,5,5,5,5,5,5,5,5,-5,-5,5,5,5,5,-5,5,5,5,5,5,5,-5,5,5,5,5,-5,-5,5,5,5,5,5,5,5,5
Iteration 896,5,5,5,5,5,5,5,5,-5,-5,5,5,5,5,5,-5,5,5,5,5,5,-5,5,5,5,5,5,-5,5,5,5,5,5,5,5,5
Iteration 897,5,5,5,5,5,5,5,5,-5,-5,5,5,5,5,-5,-5,5,5,5,5,-5,-5,5,5,5,5,-5,-5,5,5,5,5,5,5,5,5
Iteration 898,5,5,5,5,5,5,5,5,-5,-5,-5,5,5,5,5,-5,5,5,5,5,-5,-5,5,5,5,5,-5,-5,5,5,5,5,5,5,5,5
Iteration 899,5,5,5,5,5,5,5,5,-5,-5,5,5,5,5,5,-5,5,5,5,5,5,-5,5,5,5,5,-5,-5,5,5,5,5,5,5,5,5
Iteration 900,5,5,5,5,5,5,5,5,-5,-5,5,5,5,5,-5,-5,5,5,5,5,5,5,5,5,5,5,-5,5,5,5,5,5,5,5,5,5
Iteration 901,5,5,5,5,5,5,5,5,5,5,5,5,5,5,-5,-5,5,5,5,5,5,5,5,5,5,-5,-5,-5,5,5,5,5,5,5,5,5
Iteration 902,5,5,5,5,5,5,5,-5,-5,-5,-5,5,5,5,-5,-5,5,5,5,5,-5,-5,5,5,5,5,5,-5,5,5,5,5,5,5,5,5
Iteration 903,5,5,5,5,5,5,5,5,-5,-5,-5,5,5,-5,-5,-5,-5,5,5,5,5,-5,5,5,5,-5,-5,-5,5,5,5,-5,-5,5,5,5
Iteration 904,5,5,5,5,5,5,5,5,-5,-5,5,5,5,5,-5,-5,5,5,5,5,5,5,-5,5,5,-5,-5,-5,-5,5,5,5,5,5,5,5
Iteration 905,5,5,5,5,5,5,5,-5,-5,-5,5,5,5,-5,-5,-5,5,5,5,5,5,-5,-5,5,5,5,-5,-5,-5,5,5,5,5,5,5,5
Iteration 906,5,5,5,5,5,5,5,5,5,-5,-5,5,5,5,-5,5,-5,5,5,5,5,-5,5,5,5,5,-5,5,5,5,5,-5,5,5,5,5
Iteration 907,5,5,5,5,5,5,5,5,5,-5,-5,5,5,5,-5,-5,5,5,5,5,-5,5,5,5,5,5,-5,-5,5,5,5,-5,5,5,5,5
Iteration 908,5,5,5,5,5,5,5,5,5,-5,5,5,5,5,-5,5,5,5,5,5,-5,-5,5,5,5,5,-5,-5,5,5,5,5,5,5,5,5
Iteration 909,5,5,5,5,5,5,5,-5,-5,-5,5,5,5,5,-5,5,5,5,5,5,5,-5,-5,5,5,5,5,5,-5,5,5,5,5,5,5,5
Iteration 910,5,5,5,5,5,5,5,5,-5,5,5,5,5,5,5,-5,5,5,5,5,-5,-5,5,5,5,5,-5,5,-5,5,5,5,5,5,5,5
Iteration 911,5,5,5,5,5,5,5,-5,-5,-5,5,5,5,5,-5,-5,5,5,5,5,5,5,5,5,5,5,-5,5,-5,5,5,5,5,5,5,5
Iteration 912,5,5,5,5,5,5,5,5,-5,-5,-5,5,5,5,5,-5,5,5,5,5,5,-5,5,5,5,-5,-5,-5,5,5,5,5,5,5,5,5
Iteration 913,5,5,5,5,5,5,5,-5,-5,-5,5,5,5,5,-5,-5,5,5,5,5,5,-5,5,5,5,5,5,-5,5,5,5,5,5,5,5,5
Iteration 914,5,5,5,5,5,5,5,-5,-5,-5,5,5,5,5,-5,-5,5,5,5,5,-5,5,-5,5,5,5,5,-5,5,5,5,5,5,5,5,5
Iteration 915,5,5,5,5,5,5,5,5,-5,-5,5,5,5,5,5,-5,5,5,5,5,5,-5,5,5,5,5,5,-5,5,5,5,5,5,5,5,5
Iteration 916,5,5,5,5,5,5,5,-5,-5,-5,5,5,5,5,-5,-5,5,5,5,5,5,5,-5,5,5,5,-5,-5,5,5,5,5,5,5,5,5
Iteration 917,5,5,5,5,5,5,5,-5,-5,-5,5,5,5,5,-5,-5,-5,5,5,5,5,5,-5,5,5,-5,-5,-5,-5,5,5,5,5,5,5,5
Iteration 918,5,5,5,5,5,5,5,-5,-5,-5,5,5,5,-5,-5,-5,5,5,5,5,5,-5,-5,5,5,5,-5,-5,-5,5,5,5,5,5,5,5
Iteration 919,5,5,5,5,5,5,5,5,-5,-5,5,5,5,5,-5,-5,5,5,5,5,5,-5,5,5,5,5,-5,-5,5,5,5,5,5,5,5,5
Iteration 920,5,5,5,5,5,5,5,-5,-5,5,5,5,5,5,-5,-5,5,5,5,5,-5,-5,-5,5,5,5,5,5,-5,5,5,5,5,5,5,5
Iteration 921,5,5,5,5,5,5,5,-5,-5,-5,5,5,5,5,5,-5,5,5,5,5,-5,-5,5,5,5,-5,5,-5,5,5,5,5,5,5,5,5
Iteration 922,5,5,5,5,5,5,5,5,-5,-5,5,5,5,5,-5,-5,5,5,5,5,5,-5,5,5,5,-5,5,-5,-5,5,5,5,5,5,5,5
Iteration 923,5,5,5,5,5,5,5,5,5,-5,5,5,5,5,-5,-5,5,5,5,5,5,5,5,5,5,-5,-5,-5,5,5,5,5,5,5,5,5
Iteration 924,5,5,5,5,5,5,5,-5,-5,-5,5,5,5,5,-5,-5,5,5,5,5,5,-5,5,5,5,5,5,-5,5,5,5,5,5,5,5,5
Iteration 925,5,5,5,5,5,5,5,-5,-5,-5,-5,5,5,5,-5,-5,5,5,5,5,-5,-5,-5,5,5,5,5,5,-5,5,5,-5,-5,5,5,5
Iteration 926,5,5,5,5,5,5,5,-5,-5,-5,5,5,5,5,-5,-5,5,5,5,5,5,5,-5,5,5,-5,5,5,-5,5,5,5,5,5,5,5
Iteration 927,5,5,5,5,5,5,5,5,-5,-5,5,5,5,5,5,-5,5,5,5,5,-5,5,5,5,5,5,5,-5,5,5,5,5,5,5,5,5
Iteration 928,5,5,5,5,5,5,5,5,5,-5,5,5,5,5,-5,-5,5,5,5,5,5,5,-5,5,5,-5,-5,-5,5,5,5,5,5,5,5,5
Iteration 929,5,5,5,5,5,5,5,-5,-5,5,5,5,5,5,-5,-5,5,5,5,5,5,5,-5,5,5,5,5,5,-5,5,5,5,-5,5,5,5
Iteration 930,5,5,5,5,5,5,5,5,-5,-5,5,5,5,5,-5,-5,5,5,5,5,-5,-5,5,5,5,5,-5,-5,5,5,5,5,5,5,5,5
Iteration 931,5,5,5,5,5,5,5,5,5,-5,5,5,5,5,-5,5,5,5,5,5,5,5,-5,5,5,-5,-5,-5,5,5,5,5,5,5,5,5
Iteration 932,5,5,5,5,5,5,5,5,-5,-5,5,5,5,5,5,-5,5,5,5,5,-5,-5,5,5,5,5,5,-5,5,5,5,5,5,5,5,5
Iteration 933,5,5,5,5,5,5,5,5,-5,-5,5,5,5,5,-5,-5,5,5,5,5,-5,-5,5,5,5,5,5,5,5,5,5,5,5,5,5,5
Iteration 934,5,5,5,5,5,5,5,-5,-5,-5,-5,5,5,5,-5,-5,5,5,5,5,5,5,-5,5,5,-5,5,-5,-5,5,5,5,5,5,5,5
Iteration 935,5,5,5,5,5,5,5,5,-5,-5,5,5,5,5,5,-5,5,5,5,5,-5,-5,5,5,5,5,5,-5,5,5,5,5,5,5,5,5
Iteration 936,5,5,5,5,5,5,5,5,5,5,5,5,5,5,-5,5,5,5,5,5,-5,-5,-5,5,5,5,5,-5,5,5,5,5,5,5,5,5
Iteration 937,5,5,5,5,5,5,5,5,-5,-5,5,5,5,5,5,-5,5,5,5,5,5,5,5,5,5,-5,5,-5,5,5,5,5,5,5,5,5
Iteration 938,5,5,5,5,5,5,5,-5,-5,-5,-5,5,5,5,5,-5,5,5,5,-5,5,-5,-5,5,5,-5,5,5,-5,5,5,5,5,5,5,5
Iteration 939,5,5,5,5,5,5,5,5,5,5,-5,5,5,-5,-5,-5,5,5,5,5,5,-5,5,5,5,-5,5,-5,5,5,5,5,5,5,5,5
Iteration 940,5,5,5,5,5,5,5,-5,-5,-5,5,5,5,5,5,-5,5,5,5,5,-5,-5,5,5,5,5,5,5,5,5,5,5,5,5,5,5
Iteration 941,5,5,5,5,5,5,5,-5,5,-5,5,5,5,5,-5,-5,5,5,5,5,5,5,-5,5,5,-5,5,5,-5,5,5,5,5,5,5,5
Iteration 942,5,5,5,5,5,5,5,5,-5,-5,5,5,5,5,-5,-5,5,5,5,5,5,-5,5,5,5,5,5,-5,5,5,5,5,-5,5,5,5
Iteration 943,5,5,5,5,5,5,5,5,-5,5,-5,5,5,5,5,5,-5,5,-5,5,5,-5,5,5,5,-5,5,5,5,5,5,5,5,5,5,5
Iteration 944,5,5,5,5,5,5,5,-5,-5,-5,5,5,5,5,-5,-5,5,5,5,5,5,5,5,5,5,5,5,5,-5,5,5,5,5,-5,5,5
Iteration 945,5,5,5,5,5,5,5,5,-5,-5,5,5,5,5,-5,-5,5,5,5,5,-5,-5,5,5,5,-5,-5,-5,5,5,5,5,5,5,5,5
Iteration 946,5,5,5,5,5,5,5,5,-5,-5,5,5,5,5,5,-5,5,5,5,5,-5,5,5,5,5,5,5,-5,5,5,5,5,5,5,5,5
Iteration 947,5,5,5,5,5,5,5,5,-5,-5,5,5,5,5,5,-5,5,5,5,5,-5,-5,5,5,5,5,5,-5,5,5,5,5,-5,5,5,5
Iteration 948,5,5,5,5,5,5,5,-5,-5,-5,5,5,5,5,-5,-5,5,5,5,5,5,-5,5,5,5,5,-5,-5,5,5,5,5,5,5,5,5
Iteration 949,5,5,5,5,5,5,5,-5,-5,-5,5,5,5,5,5,-5,5,5,5,5,-5,-5,5,5,5,5,-5,5,-5,5,5,5,5,5,5,5
Iteration 950,5,5,5,5,5,5,5,-5,-5,-5,5,5,5,5,-5,-5,5,5,5,5,5,-5,-5,5,5,5,-5,5,-5,5,5,5,5,5,5,5
Iteration 951,5,5,5,5,5,5,5,5,-5,-5,5,5,5,5,5,5,5,5,5,5,5,-5,5,5,5,5,5,5,5,5,5,5,5,5,5,5
Iteration 952,5,5,5,5,5,5,5,5,-5,-5,5,5,5,5,-5,-5,5,5,5,5,5,-5,5,5,5,5,5,5,5,5,5,5,-5,5,5,5
Iteration 953,5,5,5,5,5,5,5,5,-5,-5,5,5,5,5,5,5,5,5,5,5,-5,-5,5,5,5,-5,5,-5,5,5,5,5,5,5,5,5
Iteration 954,5,5,5,5,5,5,5,5,-5,-5,5,5,5,5,5,5,-5,5,5,5,-5,-5,5,5,5,5,5,-5,5,5,5,5,-5,5,5,5
Iteration 955,5,5,5,5,5,5,5,-5,5,-5,5,5,5,5,-5,-5,5,5,5,5,-5,-5,-5,5,5,-5,-5,-5,-5,5,5,5,5,5,5,5
Iteration 956,5,5,5,5,5,5,5,5,5,-5,-5,5,5,5,-5,-5,-5,5,5,5,-5,-5,5,5,5,-5,-5,5,5,5,5,5,5,5,5,5
Iteration 957,5,5,5,5,5,5,5,-5,-5,-5,-5,5,5,5,5,-5,5,5,5,5,-5,-5,5,5,5,5,5,5,-5,5,5,5,5,5,5,5
Iteration 958,5,5,5,5,5,5,5,-5,-5,-5,5,5,5,5,-5,-5,5,5,5,5,-5,5,-5,5,5,-5,-5,-5,-5,5,5,5,5,5,5,5
Iteration 959,5,5,5,5,5,5,5,5,5,-5,-5,5,5,5,5,-5,5,5,5,5,5,-5,5,5,5,-5,5,-5,5,5,5,5,5,5,5,5
Iteration 960,5,5,5,5,5,5,5,-5,-5,-5,5,5,5,5,-5,-5,5,5,5,5,5,5,-5,5,5,-5,5,-5,-5,5,5,5,5,5,5,5
Iteration 961,5,5,5,5,5,5,5,-5,-5,-5,5,5,5,5,-5,-5,5,5,5,5,-5,5,-5,5,5,-5,5,5,-5,5,5,5,5,5,5,5
Iteration 962,5,5,5,5,5,5,5,-5,-5,-5,-5,5,5,5,-5,-5,5,5,5,5,-5,5,-5,5,5,-5,5,5,-5,5,5,5,5,5,5,5
Iteration 963,5,5,5,5,5,5,5,5,5,5,5,5,5,5,-5,-5,5,5,5,5,-5,-5,-5,5,5,5,5,-5,5,5,5,5,5,5,5,5
Iteration 964,5,5,5,5,5,5,5,-5,-5,-5,5,5,5,5,5,-5,-5,5,5,5,-5,-5,-5,5,5,-5,-5,-5,-5,5,5,5,5,5,5,5
Iteration 965,5,5,5,5,5,5,5,-5,-5,-5,5,5,5,5,-5,-5,5,5,5,5,5,5,-5,5,5,5,5,-5,-5,5,5,5,5,5,5,5
Iteration 966,5,5,5,5,5,5,5,5,-5,-5,-5,5,5,5,5,-5,5,5,5,5,-5,5,-5,5,5,-5,-5,-5,-5,5,5,5,5,5,5,5
Iteration 967,5,5,5,5,5,5,5,-5,-5,-5,5,5,5,5,5,-5,5,5,5,5,-5,-5,5,5,5,5,5,5,-5,5,5,5,5,5,5,5
Iteration 968,5,5,5,5,5,5,5,5,-5,-5,-5,5,5,5,-5,-5,5,5,5,-5,-5,-5,-5,5,5,-5,5,-5,5,5,5,5,5,5,5,5
Iteration 969,5,5,5,5,5,5,5,5,5,5,5,5,5,5,-5,-5,5,5,5,5,5,5,5,5,5,-5,5,-5,5,5,5,5,5,5,5,5
Iteration 970,5,5,5,5,5,5,5,5,-5,-5,5,5,5,5,-5,-5,5,5,5,5,5,5,-5,5,5,-5,5,-5,5,5,5,5,5,5,5,5
Iteration 971,5,5,5,5,5,5,5,-5,-5,-5,5,5,5,5,-5,-5,5,5,5,5,-5,-5,-5,5,5,5,5,-5,-5,5,5,5,5,5,5,5
Iteration 972,5,5,5,5,5,5,5,5,-5,5,5,5,5,5,-5,-5,5,5,5,5,-5,-5,5,5,5,5,5,-5,5,5,5,5,5,5,5,5
Iteration 973,5,5,5,5,5,5,5,5,-5,-5,5,5,5,5,-5,-5,5,5,5,5,-5,-5,-5,5,5,5,-5,-5,5,5,5,5,5,5,5,5
Iteration 974,5,5,5,5,5,5,5,5,-5,5,-5,5,5,5,5,-5,5,5,5,5,-5,5,-5,5,5,-5,-5,-5,5,5,5,5,5,5,5,5
Iteration 975,5,5,5,5,5,5,5,5,5,-5,-5,5,5,5,-5,-5,5,5,5,5,5,5,5,5,5,-5,-5,-5,5,5,5,5,5,5,5,5
Iteration 976,5,5,5,5,5,5,5,-5,-5,-5,5,5,5,5,-5,-5,5,5,5,5,-5,-5,5,5,5,5,5,5,-5,5,5,5,5,5,5,5
Iteration 977,5,5,5,5,5,5,5,5,-5,-5,5,5,5,5,-5,-5,5,5,5,5,5,-5,5,5,5,5,-5,-5,5,5,5,5,5,5,5,5
Iteration 978,5,5,5,5,5,5,5,-5,-5,-5,5,5,5,5,-5,-5,5,5,5,5,-5,-5,5,5,5,5,-5,-5,-5,5,5,5,5,5,5,5
Iteration 979,5,5,5,5,5,5,5,-5,-5,-5,5,5,5,5,-5,-5,5,5,5,5,-5,-5,-5,5,5,-5,5,5,-5,5,5,5,5,5,5,5
Iteration 980,5,5,5,5,5,5,5,5,-5,-5,5,5,5,5,5,-5,5,5,5,5,-5,-5,5,5,5,5,-5,-5,5,5,5,5,5,5,5,5
Iteration 981,5,5,5,5,5,5,5,-5,-5,-5,5,5,5,-5,-5,-5,5,5,5,5,5,-5,5,5,5,5,5,5,-5,5,5,5,5,5,5,5
Iteration 982,5,5,5,5,5,5,5,-5,-5,-5,5,5,5,5,-5,-5,5,5,5,5,5,-5,5,5,5,-5,-5,5,-5,5,5,5,5,5,5,5
Iteration 983,5,5,5,5,5,5,5,-5,-5,-5,5,5,5,5,-5,-5,5,5,5,5,5,-5,5,5,5,-5,-5,-5,-5,5,5,5,5,5,5,5
Iteration 984,5,5,5,5,5,5,5,5,-5,-5,5,5,5,5,-5,-5,5,5,5,5,5,-5,5,5,5,5,5,-5,5,5,5,5,5,5,5,5
Iteration 985,5,5,5,5,5,5,5,-5,-5,-5,5,5,5,5,5,-5,5,5,5,5,-5,-5,-5,5,5,5,5,5,-5,5,5,5,5,5,5,5
Iteration 986,5,5,5,5,5,5,5,-5,-5,-5,5,5,5,5,5,-5,5,5,5,5,-5,-5,5,5,5,5,5,-5,5,5,5,5,-5,5,5,5
Iteration 987,5,5,5,5,5,5,5,-5,-5,-5,5,5,5,5,-5,-5,5,5,5,5,5,5,5,5,5,-5,5,-5,5,5,5,5,5,5,5,5
Iteration 988,5,5,5,5,5,5,5,-5,-5,-5,5,5,5,5,5,-5,5,5,5,5,-5,-5,5,5,5,5,5,5,-5,5,5,5,5,5,5,5
Iteration 989,5,5,5,5,5,5,5,5,-5,-5,5,5,5,5,-5,-5,5,5,5,5,5,-5,5,5,5,-5,-5,-5,-5,5,5,5,5,5,5,5
Iteration 990,5,5,5,5,5,5,5,-5,-5,-5,5,5,5,5,5,-5,5,5,5,5,-5,-5,5,5,5,5,5,5,-5,5,5,5,5,-5,5,5
Iteration 991,5,5,5,5,5,5,5,-5,-5,-5,5,5,5,5,-5,-5,5,5,5,5,5,-5,5,5,5,-5,-5,-5,-5,5,5,5,5,5,5,5
Iteration 992,5,5,5,5,5,5,5,5,-5,-5,5,5,5,5,-5,-5,5,5,5,5,5,-5,5,5,5,5,-5,-5,5,5,5,5,5,5,5,5
Iteration 993,5,5,5,5,5,5,5,5,5,-5,5,5,5,5,5,-5,5,5,5,5,-5,-5,-5,5,5,5,5,5,-5,5,5,5,5,5,5,5
Iteration 994,5,5,5,5,5,5,5,5,-5,-5,5,5,5,5,-5,-5,5,5,5,5,5,-5,5,5,5,-5,5,-5,5,5,5,5,5,5,5,5
Iteration 995,5,5,5,5,5,5,5,-5,-5,-5,5,5,5,5,-5,-5,5,5,5,5,5,-5,5,5,5,-5,5,5,5,5,5,5,5,5,5,5
Iteration 996,5,5,5,5,5,5,5,5,-5,-5,5,5,5,5,-5,-5,5,5,5,5,-5,5,-5,5,5,-5,-5,-5,5,5,5,5,5,5,5,5
Iteration 997,5,5,5,5,5,5,5,-5,-5,-5,5,5,5,5,-5,-5,5,5,5,5,5,-5,5,5,5,-5,5,5,5,5,5,5,5,5,5,5
Iteration 998,5,5,5,5,5,5,5,5,-5,-5,5,5,5,5,5,-5,5,5,5,5,5,-5,5,5,5,5,-5,-5,5,5,5,5,5,5,5,5
Iteration 999,5,5,5,5,5,5,5,-5,-5,-5,5,5,5,5,-5,-5,5,5,5,5,5,-5,5,5,5,-5,5,5,-5,5,5,5,5,5,5,5
Iteration 1000,5,5,5,5,5,5,5,5,-5,-5,5,5,5,5,-5,-5,5,5,5,5,5,-5,-5,5,5,5,-5,-5,-5,5,5,5,5,5,5,5
